Gesture,x0,y0,z0,x1,y1,z1,x2,y2,z2,x3,y3,z3,x4,y4,z4,x5,y5,z5,x6,y6,z6,x7,y7,z7,x8,y8,z8,x9,y9,z9,x10,y10,z10,x11,y11,z11,x12,y12,z12,x13,y13,z13,x14,y14,z14,x15,y15,z15,x16,y16,z16,x17,y17,z17,x18,y18,z18,x19,y19,z19,x20,y20,z20
one,0.495015,0.725281,0.0,0.533608,0.698829,-0.018439,0.56263,0.652494,-0.030637,0.573698,0.606617,-0.043869,0.561256,0.567748,-0.056517,0.556442,0.563022,-0.014385,0.57745,0.495229,-0.03401,0.589261,0.451314,-0.044408,0.595989,0.411752,-0.050918,0.526299,0.561613,-0.018335,0.547869,0.51688,-0.052465,0.549287,0.574921,-0.060222,0.544127,0.612804,-0.055806,0.497089,0.570929,-0.024434,0.52051,0.554003,-0.059762,0.522222,0.615161,-0.052956,0.515764,0.644652,-0.037617,0.468141,0.58751,-0.031826,0.490409,0.575844,-0.053809,0.497726,0.618524,-0.045461,0.493632,0.640021,-0.032745
one,0.49649,0.724294,0.0,0.534823,0.698462,-0.018543,0.564779,0.651617,-0.030867,0.576497,0.604476,-0.044231,0.563102,0.565795,-0.057098,0.557519,0.562756,-0.014703,0.578437,0.493782,-0.034283,0.589801,0.449198,-0.044366,0.595862,0.409631,-0.05056,0.527443,0.561452,-0.018564,0.549786,0.516086,-0.052446,0.551086,0.575094,-0.059323,0.545903,0.613108,-0.054231,0.498489,0.570571,-0.024621,0.522614,0.553333,-0.059897,0.523646,0.61477,-0.052447,0.516905,0.64466,-0.036642,0.469711,0.586963,-0.031988,0.492414,0.574937,-0.054196,0.499508,0.618242,-0.045625,0.495414,0.640896,-0.032651
one,0.495889,0.726813,0.0,0.534382,0.698822,-0.018613,0.563505,0.651302,-0.030984,0.572948,0.604894,-0.044418,0.557797,0.567424,-0.05732,0.555773,0.561078,-0.013989,0.574846,0.492752,-0.033663,0.585082,0.447841,-0.044042,0.589972,0.408188,-0.050504,0.525454,0.561367,-0.01781,0.545468,0.518947,-0.051694,0.546993,0.579549,-0.05857,0.542419,0.61742,-0.053482,0.496418,0.572003,-0.023959,0.518939,0.555238,-0.059061,0.521152,0.617331,-0.051285,0.515466,0.646799,-0.035325,0.467703,0.589631,-0.031478,0.489363,0.576432,-0.052903,0.496441,0.619438,-0.043713,0.492546,0.640881,-0.030479
one,0.492743,0.72615,0.0,0.532276,0.696787,-0.018722,0.561637,0.645708,-0.030102,0.569243,0.59529,-0.042363,0.554054,0.555971,-0.054032,0.549837,0.557078,-0.011906,0.568633,0.488252,-0.030896,0.579159,0.443891,-0.040913,0.584942,0.404638,-0.047199,0.520026,0.557015,-0.015383,0.539525,0.510091,-0.049368,0.542501,0.569776,-0.056981,0.53862,0.609396,-0.052242,0.49133,0.567809,-0.021234,0.513276,0.547068,-0.056998,0.517034,0.608951,-0.050218,0.511852,0.640464,-0.034606,0.462406,0.586363,-0.028359,0.484186,0.572495,-0.051206,0.492857,0.615685,-0.04337,0.489657,0.638356,-0.030763
one,0.494649,0.723891,0.0,0.5336,0.694596,-0.019044,0.562347,0.643317,-0.032548,0.570759,0.592614,-0.047282,0.554479,0.554041,-0.061471,0.553479,0.545345,-0.014737,0.572545,0.473174,-0.035396,0.583608,0.425935,-0.046007,0.589033,0.385097,-0.052541,0.52052,0.545629,-0.0192,0.54288,0.499205,-0.054971,0.545594,0.564943,-0.061697,0.540347,0.604294,-0.055701,0.489656,0.558079,-0.025967,0.513173,0.539984,-0.062988,0.517672,0.605832,-0.054655,0.51216,0.6368,-0.037677,0.459507,0.579593,-0.034088,0.482152,0.567458,-0.057352,0.491474,0.612317,-0.048009,0.487917,0.634521,-0.034057
one,0.495307,0.726407,0.0,0.535476,0.697017,-0.02302,0.567899,0.644293,-0.039693,0.578348,0.589045,-0.057282,0.559902,0.546728,-0.073928,0.558362,0.536576,-0.018844,0.581386,0.46243,-0.04333,0.59426,0.412119,-0.055757,0.601995,0.369161,-0.063202,0.52177,0.534669,-0.022953,0.548925,0.490372,-0.064386,0.548866,0.563588,-0.071729,0.542149,0.606668,-0.064614,0.488198,0.546407,-0.029887,0.515676,0.534944,-0.071401,0.518318,0.604427,-0.062495,0.512329,0.636668,-0.043857,0.455963,0.568748,-0.038612,0.482533,0.563559,-0.064273,0.492113,0.611302,-0.054931,0.489005,0.633975,-0.040211
one,0.494307,0.723849,0.0,0.536674,0.694258,-0.026378,0.570706,0.641147,-0.045526,0.580194,0.584548,-0.065382,0.561331,0.538189,-0.083996,0.564005,0.525948,-0.022466,0.588554,0.446513,-0.049522,0.603173,0.393049,-0.063138,0.611795,0.347812,-0.071202,0.524656,0.523902,-0.026239,0.551666,0.478947,-0.071482,0.550825,0.556391,-0.079623,0.544005,0.600811,-0.072138,0.488488,0.536057,-0.03322,0.516649,0.528215,-0.078348,0.518863,0.601387,-0.069149,0.512471,0.633328,-0.049377,0.454291,0.559073,-0.042257,0.482152,0.557019,-0.069766,0.490819,0.606255,-0.059992,0.486317,0.626905,-0.044462
one,0.495427,0.723308,0.0,0.539387,0.694986,-0.027531,0.574598,0.642657,-0.047309,0.584903,0.587401,-0.067484,0.565951,0.543219,-0.086145,0.567269,0.5195,-0.024601,0.592966,0.440224,-0.051776,0.608142,0.385708,-0.064894,0.616931,0.339744,-0.072631,0.526345,0.515312,-0.02787,0.555701,0.476029,-0.072578,0.554407,0.554546,-0.079713,0.546823,0.59824,-0.071643,0.489578,0.52691,-0.034504,0.51937,0.529657,-0.079356,0.521296,0.601864,-0.070762,0.515045,0.631247,-0.051577,0.45581,0.549649,-0.043324,0.483851,0.554307,-0.070214,0.492377,0.604557,-0.060997,0.488884,0.624185,-0.046074
one,0.495791,0.725772,0.0,0.539974,0.696355,-0.026435,0.575466,0.643122,-0.045389,0.585258,0.587019,-0.064885,0.567047,0.5408,-0.082908,0.569645,0.521841,-0.024499,0.59582,0.440068,-0.052268,0.610835,0.385226,-0.065638,0.619805,0.338117,-0.073526,0.528633,0.517727,-0.028367,0.557648,0.473388,-0.074603,0.556529,0.552961,-0.08255,0.549257,0.599144,-0.074627,0.491432,0.529361,-0.035406,0.520223,0.529075,-0.081532,0.522999,0.60304,-0.073124,0.517116,0.634342,-0.053618,0.456732,0.551915,-0.044431,0.484006,0.555102,-0.072154,0.494308,0.605871,-0.062921,0.491759,0.625833,-0.047689
one,0.498479,0.72163,0.0,0.542954,0.694688,-0.030656,0.577942,0.643053,-0.05053,0.582308,0.588885,-0.069695,0.563952,0.541781,-0.087015,0.564118,0.514912,-0.028809,0.571339,0.428556,-0.056079,0.570864,0.371986,-0.070363,0.566903,0.324053,-0.07915,0.52463,0.513939,-0.029584,0.549835,0.485725,-0.075627,0.550526,0.561039,-0.085821,0.544181,0.604555,-0.080275,0.489129,0.528356,-0.033502,0.512486,0.532156,-0.078911,0.516248,0.60213,-0.072501,0.513164,0.633417,-0.054797,0.455466,0.551526,-0.039724,0.477524,0.553038,-0.067496,0.488596,0.601953,-0.059458,0.488975,0.623298,-0.044975
one,0.487392,0.724917,0.0,0.529823,0.695902,-0.029297,0.56342,0.643281,-0.048604,0.570029,0.590537,-0.067584,0.552451,0.543153,-0.084768,0.554782,0.521952,-0.027462,0.559968,0.432777,-0.056006,0.555899,0.37587,-0.071361,0.547249,0.328347,-0.080298,0.516765,0.523339,-0.028863,0.540826,0.484731,-0.075473,0.540493,0.559513,-0.085695,0.534396,0.603642,-0.079848,0.481671,0.537552,-0.033545,0.501899,0.53104,-0.078887,0.505615,0.602171,-0.071322,0.503648,0.636099,-0.052467,0.448031,0.559444,-0.04047,0.466788,0.550543,-0.067369,0.477753,0.597846,-0.057797,0.478759,0.620653,-0.042227
one,0.482758,0.729151,0.0,0.525931,0.699064,-0.028301,0.558784,0.645657,-0.046828,0.564405,0.592598,-0.065251,0.545851,0.546099,-0.081996,0.550262,0.523436,-0.02661,0.556228,0.436189,-0.054774,0.552513,0.379913,-0.07009,0.544584,0.33253,-0.079198,0.512141,0.523961,-0.028183,0.533518,0.492122,-0.074192,0.533587,0.566946,-0.084323,0.528667,0.611002,-0.078826,0.476979,0.538353,-0.032931,0.495198,0.53451,-0.077254,0.499225,0.604726,-0.069607,0.498414,0.638955,-0.051197,0.443505,0.561218,-0.039981,0.460515,0.55606,-0.066589,0.471453,0.603115,-0.05755,0.473483,0.625667,-0.042472
one,0.481631,0.728526,0.0,0.523666,0.69792,-0.029013,0.555652,0.646285,-0.048184,0.560016,0.594737,-0.067022,0.542442,0.548035,-0.08403,0.548546,0.522591,-0.02815,0.55436,0.437359,-0.056568,0.550587,0.381508,-0.072124,0.542947,0.334105,-0.081468,0.509548,0.522328,-0.029522,0.530271,0.495074,-0.075392,0.5304,0.569168,-0.08569,0.525456,0.61229,-0.080456,0.474021,0.536735,-0.034059,0.492636,0.538445,-0.078108,0.49676,0.607713,-0.070934,0.495615,0.64005,-0.053045,0.440527,0.56013,-0.040983,0.458357,0.558956,-0.067379,0.468918,0.605577,-0.058705,0.4703,0.626201,-0.043987
one,0.476883,0.732502,0.0,0.519782,0.702408,-0.029276,0.551619,0.650152,-0.048518,0.557339,0.596818,-0.067534,0.540596,0.548182,-0.084743,0.546329,0.525716,-0.027465,0.553823,0.441129,-0.055849,0.551159,0.384246,-0.07178,0.54507,0.336339,-0.081423,0.507379,0.524265,-0.028677,0.528437,0.498353,-0.074773,0.527787,0.571482,-0.085747,0.52261,0.614922,-0.081007,0.471506,0.537676,-0.033054,0.4906,0.53878,-0.077231,0.493585,0.608224,-0.07013,0.492193,0.64257,-0.052184,0.437381,0.560603,-0.039878,0.456107,0.557556,-0.066698,0.466144,0.604211,-0.058023,0.467443,0.627011,-0.043055
one,0.47455,0.733447,-0.0,0.517012,0.703561,-0.028211,0.547844,0.652242,-0.047592,0.554135,0.601077,-0.067094,0.53777,0.553505,-0.084746,0.545444,0.526064,-0.02703,0.553437,0.440285,-0.055418,0.551165,0.383858,-0.071228,0.545144,0.33745,-0.080756,0.50612,0.524735,-0.028841,0.526017,0.499179,-0.075051,0.524723,0.573565,-0.085569,0.519578,0.617137,-0.080401,0.469831,0.537737,-0.033836,0.48779,0.53929,-0.077564,0.491337,0.608367,-0.070268,0.490387,0.642377,-0.052403,0.435613,0.559925,-0.041271,0.453788,0.559354,-0.067938,0.463799,0.605714,-0.059624,0.465345,0.627431,-0.044996
one,0.473898,0.730036,0.0,0.515831,0.700034,-0.029349,0.545672,0.649695,-0.048689,0.547888,0.599463,-0.067621,0.531566,0.551353,-0.084653,0.546425,0.527594,-0.027244,0.554529,0.441636,-0.05483,0.553232,0.385147,-0.0701,0.547833,0.33835,-0.079379,0.507154,0.527402,-0.028524,0.524026,0.49596,-0.074137,0.522842,0.568583,-0.08473,0.518395,0.611813,-0.079549,0.47074,0.540912,-0.033047,0.485392,0.539656,-0.077042,0.489276,0.608911,-0.070104,0.489043,0.641315,-0.052222,0.43623,0.562468,-0.039913,0.45113,0.557751,-0.066608,0.460917,0.604838,-0.05785,0.462854,0.625648,-0.042959
one,0.465689,0.722967,0.0,0.508222,0.695383,-0.03187,0.536589,0.643637,-0.050132,0.536625,0.591562,-0.0668,0.521844,0.542235,-0.081513,0.551337,0.536441,-0.028183,0.563286,0.444508,-0.055023,0.565913,0.386238,-0.069694,0.564828,0.337079,-0.078578,0.513891,0.534535,-0.027287,0.520444,0.487354,-0.072288,0.515238,0.556197,-0.082104,0.51352,0.601788,-0.076174,0.477601,0.544198,-0.029989,0.480483,0.528597,-0.074171,0.481526,0.596248,-0.067912,0.48412,0.629618,-0.050269,0.443151,0.560026,-0.035094,0.448798,0.543713,-0.063042,0.454987,0.59329,-0.055036,0.459254,0.618563,-0.040514
one,0.456495,0.701426,0.0,0.497273,0.680403,-0.035954,0.524625,0.635204,-0.055805,0.520722,0.583012,-0.073126,0.505428,0.533212,-0.08853,0.551145,0.528156,-0.032024,0.569129,0.441077,-0.058531,0.577053,0.384712,-0.074069,0.580098,0.335764,-0.084223,0.513668,0.522289,-0.029248,0.514643,0.478396,-0.073792,0.504328,0.541567,-0.085198,0.500719,0.584376,-0.081329,0.477129,0.527239,-0.030328,0.472154,0.515121,-0.075287,0.46978,0.580978,-0.072088,0.472567,0.614314,-0.056975,0.443017,0.537884,-0.034078,0.442766,0.525106,-0.064662,0.44579,0.575726,-0.059981,0.451265,0.6029,-0.047788
one,0.451033,0.707531,0.0,0.491253,0.692249,-0.038274,0.521976,0.651047,-0.060771,0.519348,0.601435,-0.080585,0.505869,0.552631,-0.09846,0.555527,0.544205,-0.037301,0.578966,0.457059,-0.065891,0.591488,0.399908,-0.082918,0.597361,0.351241,-0.094199,0.517919,0.535405,-0.033793,0.518937,0.498316,-0.080136,0.505737,0.562457,-0.091988,0.500637,0.60118,-0.088861,0.481119,0.536939,-0.03417,0.474746,0.522769,-0.079521,0.470398,0.58887,-0.075131,0.473009,0.620952,-0.059971,0.445798,0.544372,-0.037565,0.445097,0.534116,-0.068603,0.446732,0.584783,-0.063783,0.452278,0.610585,-0.051809
one,0.446473,0.702534,0.0,0.487213,0.690882,-0.038245,0.518295,0.651033,-0.058617,0.514569,0.601335,-0.075909,0.501543,0.55356,-0.091096,0.558145,0.548544,-0.035429,0.585394,0.463157,-0.063682,0.600834,0.407377,-0.081309,0.609514,0.358627,-0.093161,0.521129,0.538117,-0.031376,0.520225,0.499201,-0.076511,0.503954,0.560661,-0.088797,0.497854,0.598834,-0.08632,0.484431,0.537064,-0.031416,0.475484,0.52124,-0.075787,0.468617,0.585713,-0.072426,0.4711,0.616719,-0.058127,0.449495,0.542039,-0.03454,0.446701,0.529011,-0.064826,0.44593,0.578775,-0.060164,0.450925,0.60468,-0.048417
one,0.451492,0.698323,0.0,0.495779,0.683717,-0.030347,0.532679,0.644606,-0.04829,0.535954,0.595333,-0.065116,0.528292,0.546134,-0.080099,0.551534,0.533789,-0.029141,0.577024,0.449623,-0.055504,0.589586,0.395667,-0.069822,0.596623,0.34879,-0.07874,0.513727,0.523549,-0.029315,0.529156,0.487634,-0.074013,0.517879,0.554297,-0.08411,0.509367,0.598344,-0.078938,0.477082,0.526334,-0.032814,0.486895,0.52091,-0.076488,0.481843,0.588188,-0.07099,0.479122,0.622475,-0.054369,0.441326,0.536846,-0.038643,0.453167,0.531927,-0.066376,0.455757,0.581208,-0.059676,0.457386,0.605368,-0.046365
one,0.485528,0.747541,0.0,0.543068,0.70838,-0.005479,0.579017,0.665504,-0.019349,0.606948,0.627456,-0.038625,0.608846,0.580336,-0.056785,0.54272,0.548934,-0.005287,0.562974,0.484783,-0.027201,0.5735,0.436038,-0.039121,0.577169,0.394153,-0.046965,0.516666,0.546266,-0.018825,0.581739,0.53081,-0.052295,0.586062,0.594157,-0.057809,0.571442,0.622591,-0.053082,0.498391,0.560273,-0.034397,0.567978,0.57491,-0.066763,0.565208,0.633215,-0.057964,0.547462,0.65392,-0.043647,0.486043,0.587436,-0.051144,0.543147,0.606519,-0.069659,0.543486,0.648172,-0.061138,0.527148,0.66414,-0.049836
one,0.49845,0.777335,-0.0,0.561255,0.729643,0.004763,0.587576,0.678734,-0.002719,0.61136,0.641425,-0.016011,0.630346,0.610565,-0.027905,0.535356,0.580966,0.001104,0.550999,0.521289,-0.013774,0.55447,0.47596,-0.022321,0.55507,0.435822,-0.029572,0.523636,0.581574,-0.014742,0.604605,0.568107,-0.040414,0.608145,0.616533,-0.043342,0.593502,0.640645,-0.039321,0.522988,0.599875,-0.031304,0.604565,0.615821,-0.053747,0.598413,0.659791,-0.046799,0.580859,0.676344,-0.037103,0.531313,0.628053,-0.048586,0.595078,0.649139,-0.060652,0.5925,0.683559,-0.055231,0.578755,0.696417,-0.048637
one,0.483824,0.76954,-0.0,0.542136,0.732846,0.013975,0.56948,0.686895,0.010695,0.596079,0.654126,-3e-05,0.619655,0.634374,-0.010268,0.527773,0.585392,0.00861,0.546273,0.526145,-0.000682,0.552469,0.482966,-0.006331,0.555421,0.443456,-0.012475,0.520337,0.584866,-0.010473,0.59827,0.579353,-0.02892,0.599779,0.626522,-0.029142,0.583207,0.64743,-0.025304,0.521886,0.603213,-0.029272,0.598713,0.621869,-0.04374,0.590455,0.662845,-0.035461,0.570454,0.675108,-0.027742,0.530696,0.630716,-0.048096,0.591354,0.654377,-0.053537,0.5832,0.686684,-0.046203,0.563365,0.695371,-0.04041
one,0.469816,0.762201,-0.0,0.534796,0.722723,0.012334,0.565263,0.675126,0.007553,0.589176,0.642236,-0.00428,0.609767,0.619296,-0.015521,0.522745,0.57465,0.003759,0.546697,0.513491,-0.008451,0.555255,0.468837,-0.015524,0.560698,0.428286,-0.02217,0.514058,0.576616,-0.015203,0.594575,0.577994,-0.036925,0.591999,0.625397,-0.037873,0.574553,0.646058,-0.033969,0.514112,0.598728,-0.033875,0.591667,0.625604,-0.050401,0.579476,0.664,-0.041324,0.559467,0.67412,-0.032739,0.521901,0.630311,-0.052724,0.581443,0.660031,-0.058912,0.572068,0.690804,-0.050767,0.553723,0.697525,-0.044214
one,0.464851,0.762095,-0.0,0.530657,0.722881,0.009191,0.562793,0.675602,0.001046,0.590463,0.643987,-0.013459,0.615969,0.625368,-0.026998,0.520807,0.567947,-0.003678,0.546148,0.503059,-0.019061,0.555528,0.454796,-0.028285,0.561821,0.412706,-0.036312,0.510479,0.57158,-0.022195,0.593624,0.577783,-0.046675,0.589891,0.624988,-0.048584,0.571391,0.643318,-0.045306,0.509855,0.596951,-0.04035,0.590222,0.627091,-0.059375,0.57809,0.666105,-0.049543,0.55804,0.675745,-0.040056,0.516915,0.632409,-0.058888,0.578054,0.664644,-0.066676,0.568931,0.695796,-0.057603,0.551427,0.70249,-0.049935
one,0.463215,0.766356,-0.0,0.530313,0.723218,0.009388,0.562282,0.676664,0.000617,0.588894,0.645737,-0.014713,0.613683,0.624328,-0.029172,0.521559,0.567528,-0.004059,0.546692,0.502349,-0.020332,0.55583,0.452784,-0.030176,0.561696,0.409773,-0.038542,0.509134,0.570906,-0.023269,0.596404,0.578046,-0.048661,0.592479,0.626566,-0.050849,0.572916,0.645566,-0.047589,0.506588,0.596919,-0.04215,0.590479,0.627118,-0.062408,0.578459,0.667243,-0.052419,0.557321,0.677332,-0.042519,0.511935,0.633223,-0.061352,0.576061,0.663702,-0.069898,0.568756,0.695859,-0.060106,0.55159,0.703909,-0.051622
one,0.475857,0.765546,-0.0,0.479165,0.683059,0.025322,0.500395,0.623757,0.026701,0.529949,0.603698,0.020445,0.558343,0.607363,0.012393,0.506593,0.571929,0.005699,0.530445,0.496966,0.004101,0.545937,0.452052,0.004025,0.558356,0.418013,0.002642,0.525706,0.584035,-0.014081,0.5872,0.581836,-0.015361,0.583749,0.617532,-0.010772,0.567277,0.632318,-0.007945,0.546945,0.61625,-0.030499,0.598493,0.621252,-0.026154,0.589413,0.648281,-0.013682,0.572617,0.657449,-0.008053,0.565478,0.65387,-0.045725,0.606418,0.653135,-0.034082,0.596738,0.676439,-0.017216,0.580404,0.688445,-0.006681
one,0.508173,0.778534,-0.0,0.481809,0.710893,0.017413,0.496992,0.661889,0.020422,0.521053,0.637201,0.019196,0.543425,0.639751,0.016127,0.519793,0.597751,0.002481,0.532183,0.52463,0.004608,0.539099,0.477836,0.004913,0.545727,0.442523,0.003611,0.553421,0.602635,-0.006129,0.561484,0.609546,0.004873,0.554921,0.631533,0.011028,0.548704,0.644162,0.011691,0.58089,0.633371,-0.011555,0.572422,0.642235,0.003252,0.565418,0.658674,0.011694,0.558676,0.669762,0.012137,0.599391,0.666289,-0.016356,0.591449,0.672637,0.000616,0.583917,0.686848,0.013345,0.575944,0.699987,0.020385
one,0.512858,0.785773,-0.0,0.478142,0.721698,0.007447,0.48446,0.662619,0.007874,0.508139,0.63196,0.006237,0.531968,0.627893,0.00324,0.509342,0.597805,-0.005721,0.517014,0.524462,-0.009325,0.522134,0.475121,-0.012612,0.526866,0.43806,-0.015853,0.546017,0.603604,-0.01044,0.540117,0.597111,-0.007743,0.530419,0.618825,-0.003565,0.526553,0.635903,-0.002275,0.573829,0.630547,-0.013323,0.559016,0.628029,-0.00997,0.549857,0.645261,-0.002857,0.545186,0.662899,0.000293,0.592851,0.659931,-0.015917,0.579836,0.653535,-0.009308,0.570682,0.667812,0.000931,0.56509,0.684809,0.008552
one,0.518796,0.783898,-0.0,0.481316,0.722525,0.014108,0.484396,0.666659,0.015496,0.507327,0.635568,0.013657,0.532529,0.63327,0.00986,0.511691,0.597654,-0.005703,0.521881,0.519204,-0.008714,0.528709,0.468646,-0.011209,0.535293,0.430885,-0.013472,0.549465,0.601842,-0.011792,0.545901,0.598327,-0.004308,0.536631,0.619345,0.004306,0.532803,0.637693,0.00749,0.577465,0.630444,-0.015306,0.562343,0.635882,-0.007622,0.554776,0.651632,0.000716,0.55115,0.669007,0.003307,0.596528,0.659595,-0.017826,0.585587,0.660779,-0.007278,0.578109,0.676189,0.004219,0.573487,0.693441,0.011653
one,0.517768,0.782855,-0.0,0.481832,0.720303,0.00876,0.485063,0.663797,0.006603,0.5093,0.634899,0.001935,0.535407,0.633438,-0.004455,0.512697,0.596188,-0.011283,0.52383,0.517708,-0.016513,0.531672,0.467412,-0.020421,0.538885,0.429235,-0.023852,0.550873,0.60212,-0.016534,0.543868,0.594096,-0.013015,0.533736,0.614577,-0.006158,0.530159,0.633425,-0.003625,0.578219,0.630402,-0.01963,0.56036,0.632116,-0.014972,0.552304,0.648791,-0.006575,0.54882,0.667396,-0.003428,0.596351,0.659845,-0.022275,0.581538,0.659045,-0.014092,0.573344,0.675287,-0.002783,0.568956,0.693215,0.00491
one,0.517918,0.774711,-0.0,0.480514,0.715331,0.010419,0.482591,0.661111,0.009288,0.505629,0.631725,0.00532,0.529662,0.629186,-0.000703,0.511883,0.592006,-0.010956,0.524041,0.513928,-0.017034,0.532602,0.463803,-0.021652,0.540474,0.426143,-0.025303,0.550783,0.598239,-0.01629,0.545219,0.592692,-0.011758,0.53514,0.613372,-0.003813,0.530921,0.632119,-0.000772,0.577858,0.62787,-0.019501,0.560263,0.633734,-0.014178,0.552332,0.649186,-0.005907,0.548421,0.667269,-0.002983,0.595118,0.657744,-0.02209,0.581949,0.660404,-0.013622,0.57346,0.675392,-0.002736,0.568049,0.692367,0.004514
one,0.523109,0.771387,-0.0,0.483407,0.715825,0.01055,0.484618,0.660323,0.008892,0.508124,0.629345,0.004357,0.53274,0.62684,-0.002258,0.514703,0.590674,-0.012832,0.53448,0.513446,-0.018203,0.548572,0.464554,-0.023051,0.560506,0.428879,-0.027248,0.551754,0.595925,-0.018491,0.551469,0.599219,-0.013933,0.542444,0.620499,-0.007363,0.537538,0.63743,-0.005699,0.578832,0.625947,-0.021514,0.564052,0.637442,-0.014193,0.557386,0.65169,-0.005778,0.55283,0.667457,-0.003636,0.596705,0.656405,-0.024107,0.585261,0.663486,-0.01367,0.578142,0.676898,-0.00212,0.572876,0.691705,0.00525
one,0.538059,0.781429,-0.0,0.493005,0.731979,0.009454,0.487154,0.678338,0.006704,0.505797,0.644921,0.001239,0.531352,0.639279,-0.006541,0.52315,0.60444,-0.013178,0.551585,0.528907,-0.019383,0.573202,0.483104,-0.025174,0.590992,0.450772,-0.02979,0.562449,0.608578,-0.017805,0.552897,0.602885,-0.014173,0.540441,0.622584,-0.008031,0.535675,0.642329,-0.006512,0.589583,0.633756,-0.020069,0.569144,0.635573,-0.013784,0.561505,0.651067,-0.005682,0.557567,0.671727,-0.003471,0.606722,0.659288,-0.021829,0.591572,0.659342,-0.013689,0.584874,0.675166,-0.003492,0.581636,0.693404,0.00353
one,0.540375,0.785604,-0.0,0.496692,0.737679,0.01885,0.490888,0.689791,0.019734,0.49692,0.660672,0.017284,0.507519,0.656563,0.01177,0.524034,0.604906,-0.009794,0.536047,0.525419,-0.015248,0.544059,0.473702,-0.021584,0.551559,0.433844,-0.026714,0.563858,0.606767,-0.015414,0.553381,0.591124,-0.003876,0.542333,0.61505,0.007945,0.540088,0.635952,0.011155,0.592189,0.632928,-0.017699,0.572056,0.62721,-0.004197,0.563619,0.643677,0.007674,0.560972,0.666336,0.01025,0.609775,0.659258,-0.018477,0.596446,0.653231,-0.005142,0.588216,0.670035,0.007855,0.584969,0.691758,0.015204
one,0.5403,0.784603,-0.0,0.497707,0.733691,0.016703,0.492385,0.688669,0.0165,0.501705,0.659877,0.012611,0.515719,0.65511,0.006285,0.525503,0.603241,-0.005925,0.530425,0.525429,-0.008695,0.533784,0.476743,-0.01152,0.537662,0.439614,-0.014333,0.563789,0.605905,-0.012803,0.554987,0.58915,-0.003754,0.546333,0.61174,0.005839,0.544552,0.632865,0.008867,0.592444,0.632466,-0.016748,0.573755,0.628589,-0.00575,0.566946,0.64558,0.003962,0.564785,0.666665,0.006178,0.612015,0.659961,-0.019574,0.600761,0.654228,-0.007288,0.594286,0.670831,0.004392,0.591762,0.691109,0.011261
one,0.540721,0.778703,-0.0,0.49619,0.734053,0.014107,0.491629,0.690035,0.012179,0.497872,0.666074,0.006847,0.509444,0.66264,-0.001367,0.528099,0.601235,-0.011856,0.568336,0.532724,-0.017272,0.597363,0.491807,-0.022461,0.62122,0.463708,-0.026315,0.568381,0.606775,-0.018757,0.569289,0.603769,-0.014201,0.555993,0.623328,-0.007555,0.548011,0.642469,-0.005865,0.5976,0.633298,-0.022606,0.582685,0.636227,-0.013618,0.574583,0.652645,-0.00412,0.568164,0.672867,-0.00155,0.616441,0.65945,-0.025658,0.603456,0.663059,-0.015786,0.596658,0.679289,-0.004678,0.591673,0.697264,0.003008
one,0.536956,0.771755,-0.0,0.493824,0.725631,0.013211,0.490828,0.680227,0.010631,0.503654,0.655017,0.004822,0.520964,0.651687,-0.003719,0.524667,0.596553,-0.01386,0.567088,0.527988,-0.01938,0.595837,0.488893,-0.024269,0.619753,0.462773,-0.027935,0.563884,0.60344,-0.02047,0.568231,0.598901,-0.016389,0.555387,0.618751,-0.009599,0.54777,0.637719,-0.007833,0.592707,0.629112,-0.024061,0.580218,0.632074,-0.014669,0.572469,0.648117,-0.004871,0.565739,0.667311,-0.002448,0.611998,0.653851,-0.027055,0.600234,0.657553,-0.015892,0.593486,0.674039,-0.004246,0.587718,0.691003,0.003327
one,0.538165,0.771211,-0.0,0.495703,0.723296,0.010474,0.49443,0.67464,0.007585,0.511521,0.647143,0.001888,0.532728,0.643949,-0.006285,0.526435,0.596357,-0.013984,0.566824,0.52875,-0.020052,0.595259,0.489535,-0.025401,0.619072,0.462633,-0.029459,0.56577,0.603451,-0.019693,0.568411,0.597504,-0.01692,0.555475,0.615122,-0.01147,0.548093,0.632998,-0.010245,0.594378,0.628541,-0.02272,0.580046,0.630756,-0.014967,0.571996,0.645745,-0.006161,0.565654,0.664858,-0.00387,0.613245,0.652999,-0.02543,0.599256,0.656667,-0.0155,0.592153,0.672516,-0.004673,0.586826,0.689545,0.00259
one,0.536309,0.777613,-0.0,0.497133,0.723249,0.015731,0.496916,0.670236,0.015224,0.515552,0.638048,0.011393,0.538976,0.633288,0.004992,0.52467,0.596648,-0.009948,0.552791,0.522574,-0.014038,0.571573,0.476541,-0.017963,0.586663,0.443068,-0.021454,0.56353,0.603098,-0.016868,0.562679,0.586631,-0.008592,0.551629,0.606129,0.001431,0.546873,0.627719,0.004614,0.592204,0.630165,-0.020907,0.577688,0.62356,-0.010157,0.569928,0.639023,0.00082,0.565531,0.661283,0.003575,0.612261,0.657739,-0.023926,0.600436,0.651934,-0.011367,0.59383,0.667,0.001141,0.589773,0.68624,0.008393
one,0.53575,0.784597,-0.0,0.496118,0.740264,0.022741,0.486787,0.701329,0.027407,0.481001,0.679955,0.027613,0.476551,0.676204,0.025192,0.51083,0.605852,0.003842,0.505862,0.533319,0.006788,0.501999,0.490157,0.009635,0.500838,0.457228,0.0108,0.549051,0.604224,-0.005374,0.543413,0.576868,0.00441,0.535297,0.599632,0.013615,0.531563,0.622935,0.017673,0.580669,0.625939,-0.011191,0.568098,0.619543,0.002069,0.561462,0.639325,0.010398,0.557496,0.660813,0.011985,0.603283,0.65096,-0.015345,0.594838,0.646438,-0.001033,0.588837,0.663446,0.008936,0.584665,0.683207,0.014347
one,0.530634,0.777759,-0.0,0.48738,0.724915,0.015553,0.481369,0.672705,0.019253,0.498654,0.638999,0.019837,0.522419,0.630404,0.018416,0.499663,0.605495,0.001791,0.488216,0.535996,0.004381,0.480338,0.495499,0.006659,0.475193,0.464109,0.007191,0.53573,0.602418,-0.004856,0.529116,0.578495,0.004439,0.521952,0.602169,0.012403,0.520054,0.623461,0.015855,0.567781,0.620904,-0.008967,0.553762,0.615896,0.002074,0.546711,0.635704,0.009529,0.544763,0.654756,0.011181,0.59181,0.643985,-0.012048,0.579018,0.637489,0.001244,0.572104,0.654335,0.011834,0.569755,0.672462,0.017948
one,0.529687,0.77689,-0.0,0.486695,0.720872,0.01655,0.481642,0.663266,0.021553,0.499094,0.628387,0.023492,0.524546,0.619066,0.023504,0.495395,0.603575,0.004396,0.48184,0.535391,0.008438,0.47336,0.495388,0.011484,0.46698,0.463815,0.012507,0.531807,0.600151,-0.001946,0.522689,0.575088,0.008558,0.515533,0.598991,0.016607,0.51327,0.620342,0.020033,0.564165,0.617032,-0.005647,0.548029,0.609694,0.00595,0.540978,0.629494,0.012655,0.539128,0.649173,0.013895,0.588209,0.638528,-0.00805,0.572462,0.630431,0.006239,0.56565,0.647207,0.01686,0.563717,0.665716,0.02283
one,0.526632,0.773337,-0.0,0.484604,0.716555,0.020062,0.480166,0.661511,0.026385,0.496635,0.627561,0.029055,0.521465,0.619361,0.029658,0.489385,0.60372,0.00718,0.476623,0.536968,0.012829,0.467891,0.497862,0.017003,0.461395,0.467124,0.01873,0.524197,0.598407,-0.000478,0.52184,0.577892,0.012482,0.517163,0.602453,0.021211,0.515399,0.622463,0.024632,0.557544,0.614757,-0.005067,0.547787,0.611518,0.009227,0.542068,0.631992,0.016596,0.539552,0.649616,0.017517,0.584088,0.636178,-0.008115,0.573568,0.631998,0.008859,0.568366,0.649511,0.020489,0.565922,0.666532,0.026675
one,0.491259,0.767935,-0.0,0.44835,0.717073,0.025942,0.439979,0.661227,0.037928,0.451984,0.627128,0.045275,0.475026,0.616339,0.050713,0.439125,0.609945,0.023578,0.417525,0.552118,0.035639,0.403477,0.517983,0.041842,0.393371,0.492002,0.044552,0.468189,0.595143,0.015218,0.46917,0.586489,0.033905,0.469581,0.610919,0.039579,0.469182,0.626487,0.040002,0.501217,0.601198,0.010397,0.495816,0.601511,0.029385,0.49406,0.623024,0.033706,0.492829,0.637999,0.031888,0.529666,0.613242,0.00769,0.523687,0.60913,0.02835,0.522084,0.62639,0.039427,0.521371,0.642532,0.0451
one,0.472292,0.763842,-0.0,0.419766,0.727399,0.030477,0.404071,0.674967,0.046802,0.408589,0.640718,0.057252,0.427412,0.622238,0.065112,0.399474,0.624226,0.040209,0.369392,0.582302,0.060694,0.350139,0.558305,0.071127,0.336576,0.537057,0.075884,0.425387,0.603693,0.030999,0.420257,0.599701,0.054522,0.42366,0.624697,0.058178,0.429586,0.640476,0.057244,0.456834,0.603951,0.025496,0.445965,0.608791,0.046152,0.443798,0.632213,0.046794,0.446703,0.648376,0.042989,0.4828,0.610336,0.022921,0.470813,0.605064,0.04502,0.46775,0.620871,0.055223,0.469249,0.636586,0.060215
one,0.47509,0.766593,-0.0,0.422661,0.736313,0.024349,0.404896,0.683667,0.037424,0.410773,0.648399,0.045972,0.42914,0.631067,0.052417,0.396072,0.632718,0.027521,0.367148,0.591294,0.042253,0.348363,0.566124,0.049078,0.334779,0.546102,0.051589,0.422674,0.608031,0.019849,0.428063,0.608204,0.03861,0.434182,0.634913,0.042295,0.437836,0.651609,0.041774,0.456934,0.605567,0.015444,0.454339,0.615061,0.032744,0.455365,0.638776,0.03393,0.456941,0.655443,0.030598,0.486029,0.610179,0.013201,0.480619,0.615934,0.032008,0.481115,0.634214,0.040844,0.482846,0.651678,0.045015
one,0.465847,0.766354,-0.0,0.416211,0.736847,0.02474,0.398701,0.684893,0.038298,0.405385,0.650288,0.047146,0.425314,0.633083,0.053909,0.389718,0.635671,0.030538,0.362698,0.595512,0.047577,0.345175,0.571073,0.055702,0.332421,0.550712,0.058917,0.415668,0.611463,0.023276,0.423719,0.612367,0.044358,0.430406,0.637491,0.047862,0.434321,0.652519,0.046896,0.449674,0.609633,0.019378,0.44945,0.617687,0.038172,0.450112,0.640648,0.038734,0.451174,0.655814,0.034878,0.478658,0.615235,0.017802,0.477831,0.615865,0.038278,0.478377,0.632615,0.047641,0.479745,0.649224,0.052063
one,0.47455,0.747735,-0.0,0.429172,0.710981,0.016988,0.418627,0.656807,0.023303,0.431283,0.623376,0.025893,0.455625,0.611476,0.027145,0.41191,0.615286,0.010787,0.392609,0.555414,0.017288,0.380043,0.518525,0.020509,0.371627,0.491627,0.021054,0.438989,0.597405,0.003539,0.449238,0.593435,0.014294,0.451863,0.61477,0.017759,0.451158,0.628799,0.017467,0.472928,0.598512,-0.00084,0.471139,0.605265,0.011669,0.471134,0.62495,0.016334,0.469796,0.63919,0.015629,0.502395,0.605557,-0.004056,0.499064,0.609425,0.010943,0.49786,0.625148,0.02114,0.496402,0.64025,0.026747
one,0.495848,0.776765,-0.0,0.46043,0.718941,0.014974,0.465578,0.661006,0.015521,0.485915,0.630762,0.012365,0.512272,0.627512,0.007028,0.472086,0.60618,-0.003832,0.474075,0.527291,-0.005876,0.474957,0.476343,-0.008501,0.477049,0.437117,-0.011599,0.506044,0.6052,-0.011561,0.508634,0.600091,-0.005134,0.502992,0.624885,0.000796,0.499804,0.64196,0.001693,0.538589,0.626154,-0.016327,0.528982,0.623454,-0.006896,0.523509,0.644029,0.002999,0.520398,0.661325,0.005744,0.564588,0.650972,-0.020223,0.554673,0.645794,-0.006437,0.548886,0.663553,0.007894,0.546074,0.680849,0.016521
one,0.502218,0.800307,-0.0,0.469851,0.728689,0.015801,0.478452,0.669703,0.017179,0.501093,0.640547,0.015027,0.528059,0.639043,0.010869,0.492264,0.612453,-0.00227,0.501414,0.534231,-0.00614,0.507519,0.4843,-0.009169,0.513379,0.446407,-0.011579,0.527382,0.619431,-0.009211,0.531038,0.595714,-0.002728,0.521754,0.618554,0.005281,0.515258,0.639358,0.008693,0.557557,0.645967,-0.013603,0.549048,0.633678,-0.004292,0.539867,0.652021,0.005739,0.533567,0.671769,0.00947,0.580841,0.675248,-0.016921,0.570204,0.663544,-0.003732,0.56174,0.679904,0.009743,0.555971,0.698565,0.01831
one,0.511797,0.802771,-0.0,0.48109,0.733769,0.01856,0.48623,0.677578,0.0204,0.508812,0.64583,0.018353,0.536966,0.642156,0.014069,0.505242,0.618552,-0.003982,0.518614,0.535252,-0.006663,0.526328,0.485579,-0.007568,0.53286,0.447373,-0.008599,0.541004,0.625981,-0.012372,0.548241,0.595029,-0.004625,0.538822,0.618558,0.006408,0.532125,0.642745,0.011655,0.571097,0.653742,-0.017841,0.565297,0.639519,-0.006643,0.556269,0.658973,0.005524,0.550031,0.680856,0.009774,0.594135,0.68438,-0.022113,0.585768,0.672151,-0.007943,0.577805,0.689661,0.006223,0.572777,0.709307,0.014658
one,0.491471,0.7882,0.0,0.541566,0.718003,0.005471,0.558539,0.662802,-0.004428,0.575054,0.623108,-0.020854,0.584363,0.596155,-0.036369,0.500017,0.590006,0.000246,0.511938,0.524706,-0.016775,0.512166,0.477995,-0.028122,0.510451,0.437702,-0.037035,0.487871,0.599854,-0.016939,0.56597,0.579459,-0.045439,0.570762,0.626497,-0.050563,0.556019,0.649591,-0.048033,0.488632,0.622909,-0.034647,0.568146,0.618876,-0.057514,0.566011,0.66106,-0.048686,0.550198,0.679029,-0.037816,0.497803,0.651135,-0.053148,0.561644,0.653861,-0.063461,0.563122,0.685847,-0.054417,0.55129,0.699737,-0.045424
one,0.488846,0.761097,0.0,0.523627,0.719385,-0.013325,0.543222,0.659167,-0.02001,0.545998,0.606032,-0.02847,0.528878,0.566915,-0.03664,0.523362,0.593106,-0.003638,0.531434,0.527168,-0.018295,0.535655,0.485983,-0.02539,0.535394,0.449211,-0.029824,0.49751,0.598409,-0.007637,0.509219,0.546633,-0.034708,0.517633,0.600033,-0.039594,0.515655,0.633311,-0.034452,0.472856,0.612154,-0.013884,0.488536,0.578825,-0.044442,0.49797,0.635343,-0.036956,0.494017,0.664046,-0.022199,0.447047,0.632454,-0.020985,0.464218,0.603396,-0.040401,0.475155,0.6398,-0.031972,0.471856,0.662034,-0.020016
one,0.476226,0.75801,0.0,0.511422,0.728613,-0.028185,0.527751,0.678205,-0.041652,0.519022,0.625358,-0.053472,0.506267,0.580686,-0.063888,0.525327,0.588105,-0.016799,0.535733,0.516847,-0.033006,0.538915,0.470581,-0.041215,0.539063,0.433289,-0.046442,0.494523,0.594568,-0.014141,0.48726,0.539791,-0.043342,0.489644,0.591112,-0.048824,0.49489,0.628577,-0.043384,0.466523,0.611421,-0.014847,0.462192,0.578194,-0.047057,0.471088,0.631176,-0.041574,0.476516,0.661223,-0.027654,0.441534,0.634031,-0.017661,0.439468,0.601065,-0.040406,0.450086,0.637922,-0.034749,0.456908,0.662306,-0.023747
one,0.469166,0.765425,0.0,0.505084,0.740492,-0.032444,0.524961,0.690801,-0.048054,0.518717,0.641695,-0.061498,0.504817,0.598645,-0.073257,0.530597,0.593288,-0.022584,0.545735,0.519675,-0.043062,0.553851,0.472988,-0.054402,0.557143,0.433789,-0.061555,0.498525,0.596866,-0.018722,0.489623,0.55492,-0.054717,0.489813,0.61133,-0.063208,0.494295,0.650493,-0.058751,0.468733,0.609683,-0.018667,0.460798,0.589522,-0.056023,0.467571,0.646414,-0.052338,0.474665,0.675496,-0.038462,0.442429,0.627714,-0.021092,0.43879,0.604146,-0.046617,0.447027,0.64596,-0.041853,0.454799,0.669815,-0.030681
one,0.473185,0.764258,0.0,0.509667,0.739228,-0.031498,0.530193,0.690111,-0.046618,0.524105,0.640258,-0.059696,0.510552,0.596614,-0.071149,0.534446,0.59268,-0.021951,0.548592,0.51785,-0.041693,0.555854,0.470708,-0.052311,0.55918,0.43082,-0.058974,0.502653,0.596773,-0.018498,0.496317,0.550717,-0.053562,0.49672,0.60619,-0.061659,0.500854,0.645287,-0.056975,0.4729,0.610207,-0.018633,0.46758,0.587371,-0.055737,0.474563,0.645221,-0.051684,0.480707,0.675334,-0.037425,0.446376,0.628659,-0.021085,0.444315,0.601603,-0.046277,0.452875,0.643601,-0.040882,0.459754,0.668491,-0.029297
one,0.478236,0.759909,0.0,0.513704,0.733774,-0.029443,0.53441,0.683227,-0.044474,0.529673,0.63441,-0.058035,0.515697,0.591838,-0.070058,0.539498,0.589617,-0.021669,0.554116,0.514932,-0.042535,0.562118,0.467523,-0.053977,0.566029,0.427418,-0.061178,0.507821,0.592981,-0.019731,0.502644,0.547899,-0.056279,0.501513,0.606189,-0.064603,0.504925,0.645897,-0.059949,0.478144,0.606044,-0.02117,0.473392,0.582235,-0.058708,0.479148,0.641627,-0.053606,0.484763,0.673161,-0.038731,0.451285,0.624754,-0.024845,0.450082,0.599104,-0.049807,0.45832,0.641466,-0.043576,0.464885,0.66642,-0.03148
one,0.478619,0.757708,0.0,0.514208,0.734291,-0.030965,0.536948,0.686317,-0.04678,0.533521,0.63694,-0.060805,0.52126,0.592617,-0.073262,0.543621,0.589968,-0.023368,0.559313,0.516023,-0.044482,0.567335,0.469049,-0.055909,0.571079,0.429061,-0.063,0.511982,0.592091,-0.020567,0.507273,0.54848,-0.057158,0.505943,0.606315,-0.065487,0.509058,0.645669,-0.060854,0.481793,0.603545,-0.021242,0.477857,0.580704,-0.059168,0.482898,0.640381,-0.054178,0.488172,0.671989,-0.039274,0.453874,0.620637,-0.024239,0.453938,0.595051,-0.049768,0.461332,0.638004,-0.043794,0.467322,0.663348,-0.031713
one,0.477153,0.757782,0.0,0.516345,0.732905,-0.024552,0.542335,0.677453,-0.034903,0.543962,0.618801,-0.044317,0.538259,0.571342,-0.052559,0.54517,0.597083,-0.012508,0.563727,0.530207,-0.02827,0.572157,0.487069,-0.03566,0.577856,0.449506,-0.040587,0.515548,0.595808,-0.011903,0.519702,0.535945,-0.042513,0.517922,0.589011,-0.048855,0.51779,0.630379,-0.043609,0.486361,0.605443,-0.0144,0.489859,0.57019,-0.048537,0.494169,0.6294,-0.04346,0.495539,0.664125,-0.02915,0.458297,0.620741,-0.018581,0.462027,0.58869,-0.041645,0.469733,0.628839,-0.036056,0.472906,0.654989,-0.025324
one,0.48464,0.761321,-0.0,0.543981,0.729725,0.000668,0.576379,0.691921,-0.008258,0.604016,0.662145,-0.022527,0.620732,0.627651,-0.035816,0.544191,0.588116,0.00331,0.560499,0.543985,-0.011671,0.56836,0.504502,-0.021132,0.569171,0.470521,-0.028225,0.52745,0.585975,-0.010476,0.596163,0.579083,-0.035681,0.602129,0.635006,-0.039242,0.589354,0.662786,-0.034489,0.518551,0.600707,-0.025617,0.586094,0.614452,-0.049583,0.584425,0.66304,-0.041594,0.567839,0.683028,-0.0295,0.516049,0.627444,-0.041545,0.571196,0.642646,-0.05526,0.572939,0.677458,-0.047594,0.559849,0.692829,-0.03791
one,0.485863,0.756319,-0.0,0.529651,0.725433,0.014516,0.555346,0.688507,0.009869,0.580269,0.664571,-0.001079,0.603177,0.658205,-0.012875,0.52339,0.596805,0.005358,0.539304,0.541608,-0.00156,0.544515,0.501366,-0.006178,0.548134,0.465195,-0.010875,0.525922,0.596167,-0.011108,0.59489,0.612525,-0.022087,0.592397,0.654194,-0.021249,0.577788,0.667176,-0.018262,0.532283,0.617575,-0.026321,0.598036,0.65302,-0.034053,0.5847,0.688002,-0.0279,0.567188,0.696862,-0.023014,0.542319,0.645485,-0.040995,0.589205,0.678449,-0.041209,0.582363,0.708202,-0.033109,0.570146,0.719021,-0.027119
one,0.452678,0.779581,0.0,0.497262,0.734174,0.008854,0.532612,0.684217,0.000575,0.569026,0.659749,-0.012882,0.594975,0.650428,-0.026122,0.502092,0.590621,-0.005201,0.524117,0.521197,-0.017885,0.531106,0.47331,-0.02566,0.535278,0.430659,-0.032491,0.502449,0.596237,-0.021623,0.583539,0.610492,-0.04107,0.576614,0.655721,-0.042815,0.556943,0.666233,-0.040357,0.509428,0.624627,-0.037074,0.586337,0.661812,-0.051497,0.569041,0.697081,-0.043567,0.547674,0.698937,-0.036331,0.52165,0.660511,-0.052545,0.578091,0.69641,-0.055503,0.565011,0.725833,-0.045492,0.547332,0.728435,-0.037791
one,0.440356,0.814937,-0.0,0.492151,0.762816,0.013336,0.528087,0.709218,0.006454,0.559998,0.682348,-0.007314,0.585622,0.672996,-0.021052,0.504418,0.607891,-0.003813,0.527343,0.537864,-0.017524,0.534436,0.486823,-0.026242,0.538327,0.441663,-0.033877,0.500113,0.614665,-0.023382,0.589786,0.637673,-0.043124,0.581829,0.68146,-0.043845,0.56053,0.691608,-0.041544,0.502186,0.646786,-0.041741,0.584758,0.689059,-0.055946,0.564681,0.720946,-0.046651,0.541135,0.719265,-0.039421,0.509378,0.687469,-0.059966,0.572493,0.723108,-0.062483,0.555934,0.748953,-0.051059,0.533644,0.747993,-0.042916
one,0.441261,0.815531,-0.0,0.500557,0.76879,0.012038,0.539048,0.717177,0.003742,0.57322,0.691217,-0.011459,0.606085,0.683534,-0.026229,0.507145,0.609788,-0.004291,0.529486,0.53908,-0.018619,0.536221,0.487695,-0.027732,0.540433,0.442779,-0.035938,0.500804,0.617024,-0.024184,0.589474,0.639544,-0.045723,0.582955,0.684578,-0.047367,0.562981,0.695494,-0.045582,0.501449,0.649135,-0.043059,0.584136,0.693189,-0.058626,0.564957,0.726438,-0.049302,0.541658,0.724737,-0.042072,0.507224,0.689718,-0.061975,0.568701,0.727078,-0.065466,0.552879,0.754066,-0.054369,0.531413,0.753203,-0.046585
one,0.444219,0.817284,-0.0,0.504743,0.772316,0.011484,0.542079,0.721898,0.002815,0.574817,0.693763,-0.012731,0.607736,0.682653,-0.027632,0.510696,0.613235,-0.004331,0.533951,0.543184,-0.019136,0.541434,0.492023,-0.028384,0.545934,0.447606,-0.036548,0.503004,0.620214,-0.024414,0.591298,0.640852,-0.046551,0.586336,0.686494,-0.048003,0.568072,0.698645,-0.045801,0.502378,0.651267,-0.043663,0.585177,0.694637,-0.059441,0.567265,0.728658,-0.049349,0.545124,0.728616,-0.041382,0.507209,0.691559,-0.063147,0.568824,0.728173,-0.06688,0.554168,0.755172,-0.055544,0.533318,0.755086,-0.04738
one,0.44487,0.820659,-0.0,0.510482,0.777294,0.011167,0.547467,0.727919,0.002575,0.578161,0.697072,-0.012836,0.607214,0.680129,-0.027158,0.511937,0.61459,-0.002311,0.534301,0.544416,-0.017535,0.542827,0.492259,-0.026969,0.548747,0.4477,-0.035152,0.502986,0.618683,-0.02212,0.592734,0.639657,-0.045489,0.584657,0.685953,-0.047055,0.563265,0.696787,-0.04413,0.501708,0.647415,-0.041351,0.587051,0.689796,-0.058564,0.569458,0.725417,-0.048391,0.54697,0.725746,-0.039734,0.506207,0.687244,-0.060789,0.569327,0.727221,-0.065942,0.554403,0.756629,-0.055043,0.532946,0.756644,-0.046707
one,0.449275,0.820058,-0.0,0.51494,0.772796,0.010219,0.550537,0.719998,0.000987,0.581726,0.687855,-0.015334,0.614239,0.669709,-0.030734,0.514853,0.615307,-0.003013,0.537021,0.549451,-0.019603,0.544177,0.498345,-0.030557,0.548366,0.454313,-0.040199,0.501544,0.621684,-0.023505,0.587549,0.638872,-0.049057,0.583837,0.685277,-0.052243,0.565768,0.700065,-0.050764,0.496474,0.65015,-0.043662,0.57961,0.684905,-0.063023,0.566017,0.722339,-0.052173,0.54519,0.727699,-0.042899,0.497419,0.688504,-0.064359,0.561868,0.719555,-0.072396,0.55106,0.749776,-0.061858,0.530903,0.753957,-0.053592
one,0.482304,0.9445,-0.0,0.531181,0.881205,-0.007044,0.558193,0.791277,-0.013348,0.569709,0.719331,-0.020294,0.577835,0.66249,-0.023858,0.504571,0.707067,-0.016439,0.572181,0.721019,-0.040385,0.573825,0.779316,-0.05267,0.557579,0.803836,-0.058502,0.48126,0.727798,-0.023578,0.55676,0.751381,-0.045832,0.558281,0.804213,-0.048957,0.543812,0.828247,-0.048428,0.465008,0.763178,-0.032724,0.536214,0.789381,-0.0525,0.538726,0.835097,-0.047432,0.526153,0.855397,-0.041135,0.455921,0.807879,-0.042874,0.513466,0.826836,-0.054951,0.51743,0.863941,-0.050898,0.507938,0.883009,-0.045323
one,0.73799,0.68232,-0.0,0.708323,0.643905,-0.011077,0.691659,0.575849,-0.019149,0.704605,0.520012,-0.029765,0.73064,0.488889,-0.04005,0.710283,0.522563,-0.00454,0.700373,0.448644,-0.025086,0.690857,0.407312,-0.035448,0.69104,0.365262,-0.042418,0.74017,0.529222,-0.012159,0.728639,0.488808,-0.045622,0.715597,0.547693,-0.049814,0.724103,0.567684,-0.042797,0.766563,0.547063,-0.02286,0.75058,0.524505,-0.052599,0.733404,0.578845,-0.041724,0.741118,0.588347,-0.025448,0.792144,0.56967,-0.035154,0.769097,0.552118,-0.048523,0.752797,0.589864,-0.036535,0.758971,0.599971,-0.023367
one,0.721692,0.683129,-0.0,0.686651,0.643724,-0.013824,0.670311,0.575077,-0.022423,0.689688,0.521004,-0.033186,0.718411,0.493448,-0.042969,0.687472,0.508239,-0.005898,0.680091,0.431351,-0.026619,0.674663,0.386888,-0.037682,0.676465,0.346187,-0.045753,0.719516,0.516271,-0.013019,0.714237,0.476023,-0.048907,0.700032,0.532934,-0.054093,0.704224,0.562203,-0.047401,0.747205,0.535477,-0.023564,0.733784,0.520786,-0.054534,0.716174,0.572618,-0.043725,0.722018,0.586739,-0.027592,0.772194,0.562045,-0.036273,0.752387,0.554139,-0.050869,0.736642,0.589918,-0.040379,0.741965,0.597987,-0.028509
one,0.709694,0.676179,-0.0,0.676104,0.638822,-0.013762,0.658175,0.572402,-0.02294,0.675908,0.517783,-0.034369,0.704819,0.490281,-0.044534,0.673569,0.49841,-0.007247,0.665415,0.421117,-0.028065,0.659513,0.376627,-0.038927,0.660935,0.33576,-0.046959,0.705908,0.504372,-0.014225,0.700651,0.469057,-0.048676,0.687504,0.527235,-0.052585,0.692096,0.553325,-0.045822,0.734572,0.522744,-0.024533,0.72197,0.510421,-0.053871,0.703785,0.563025,-0.041664,0.709019,0.575955,-0.025433,0.75967,0.549708,-0.037204,0.74148,0.544899,-0.051185,0.724862,0.580376,-0.040513,0.729082,0.587894,-0.028731
one,0.706828,0.67556,-0.0,0.671475,0.636523,-0.015089,0.654147,0.570112,-0.024181,0.671583,0.514776,-0.035591,0.701501,0.486694,-0.045566,0.671816,0.489201,-0.004356,0.663228,0.411853,-0.023977,0.65895,0.366641,-0.034845,0.660753,0.327311,-0.042784,0.704695,0.496548,-0.010385,0.699902,0.462015,-0.044457,0.685387,0.516933,-0.05037,0.685513,0.546741,-0.044813,0.733564,0.515724,-0.019901,0.721323,0.504166,-0.049284,0.701907,0.554514,-0.03992,0.702906,0.572645,-0.025142,0.75797,0.54403,-0.031831,0.739821,0.540561,-0.046188,0.721844,0.574627,-0.037248,0.722471,0.585661,-0.026217
one,0.707078,0.676611,-0.0,0.671072,0.63863,-0.014838,0.653069,0.570602,-0.023888,0.672118,0.514739,-0.035247,0.703073,0.488463,-0.045356,0.672265,0.490069,-0.007174,0.66421,0.408967,-0.027619,0.660418,0.362625,-0.038832,0.663082,0.32151,-0.047207,0.70623,0.498734,-0.013838,0.702731,0.461419,-0.049482,0.688169,0.517285,-0.055556,0.68849,0.548201,-0.049943,0.735929,0.51933,-0.023769,0.723361,0.507661,-0.054167,0.7041,0.558465,-0.04465,0.705786,0.575795,-0.029684,0.761233,0.5484,-0.036042,0.743086,0.544478,-0.050876,0.724656,0.578352,-0.04183,0.725136,0.588399,-0.030824
one,0.706983,0.6751,-0.0,0.671002,0.636718,-0.015153,0.653407,0.566061,-0.024483,0.673944,0.508911,-0.036164,0.705215,0.481962,-0.046417,0.673483,0.485881,-0.007185,0.666706,0.40223,-0.027802,0.663024,0.355115,-0.037957,0.665617,0.314023,-0.045363,0.706861,0.495469,-0.014096,0.702759,0.454489,-0.050335,0.687271,0.512891,-0.055047,0.688677,0.542881,-0.047894,0.735949,0.516647,-0.024451,0.723222,0.502911,-0.056049,0.703694,0.556495,-0.045082,0.706851,0.572301,-0.028602,0.76122,0.546299,-0.037178,0.744177,0.538817,-0.05266,0.72533,0.574619,-0.042527,0.726497,0.584242,-0.03047
one,0.706844,0.686703,-0.0,0.667115,0.636045,-0.010949,0.646829,0.573262,-0.024113,0.647838,0.518163,-0.04076,0.674107,0.492765,-0.05682,0.690503,0.490099,-0.002453,0.679004,0.42315,-0.022882,0.674883,0.377268,-0.034152,0.676011,0.341118,-0.042529,0.722774,0.495972,-0.010535,0.681386,0.477392,-0.04118,0.669659,0.533918,-0.043343,0.678163,0.556485,-0.036838,0.74776,0.51579,-0.022107,0.696609,0.518515,-0.049095,0.687815,0.568285,-0.03635,0.699519,0.582477,-0.021053,0.763978,0.546666,-0.035968,0.715221,0.550005,-0.049953,0.708565,0.585768,-0.040091,0.721286,0.595943,-0.028909
one,0.710425,0.677193,-0.0,0.705029,0.60194,0.012105,0.677605,0.538629,0.008076,0.635119,0.513269,-0.000985,0.600188,0.511218,-0.01133,0.695926,0.490206,0.001643,0.675774,0.42173,-0.006217,0.668279,0.376673,-0.01153,0.664058,0.339051,-0.016916,0.681109,0.496194,-0.011386,0.622265,0.501357,-0.022229,0.623809,0.530154,-0.023143,0.639972,0.539885,-0.023541,0.661881,0.519046,-0.023158,0.612878,0.534196,-0.028318,0.621901,0.557455,-0.024079,0.639864,0.559267,-0.022744,0.641426,0.546138,-0.034729,0.611803,0.563635,-0.03714,0.6226,0.585871,-0.03402,0.638243,0.589625,-0.031595
one,0.676006,0.658297,0.0,0.696331,0.582146,0.016809,0.683562,0.525566,0.020092,0.662045,0.501804,0.019669,0.636953,0.504887,0.016992,0.669894,0.479342,-0.00087,0.656526,0.398334,-0.000595,0.649108,0.3509,-0.000759,0.641996,0.315935,-0.00205,0.637364,0.487149,-0.008666,0.628014,0.476112,-0.002781,0.633112,0.501986,0.003547,0.640499,0.520538,0.005335,0.612374,0.513132,-0.01337,0.611459,0.514544,-0.001316,0.61958,0.532615,0.008199,0.626602,0.548668,0.009901,0.591359,0.543692,-0.01737,0.596119,0.541694,-0.004746,0.605085,0.558876,0.006143,0.611822,0.573778,0.012681
one,0.667247,0.667999,0.0,0.695182,0.591279,0.014633,0.682831,0.532007,0.018189,0.661657,0.502076,0.019201,0.635075,0.50231,0.018199,0.663747,0.484004,-0.004531,0.655276,0.395868,-0.002538,0.649034,0.345978,-0.001422,0.641589,0.308579,-0.002156,0.627467,0.492324,-0.00955,0.632574,0.46756,-0.000401,0.640609,0.493029,0.007567,0.646677,0.513318,0.009545,0.602808,0.518776,-0.011256,0.613594,0.507609,0.004579,0.62208,0.52716,0.015418,0.626714,0.546916,0.016574,0.584121,0.549432,-0.012392,0.594364,0.539286,0.003031,0.604105,0.555689,0.014617,0.610038,0.572852,0.020694
one,0.670093,0.674746,0.0,0.694828,0.59591,0.016256,0.68043,0.536734,0.019624,0.656633,0.508149,0.019993,0.629838,0.509029,0.018319,0.664153,0.488737,-0.003473,0.653915,0.400719,-0.002982,0.646665,0.350804,-0.002723,0.638808,0.312853,-0.00388,0.628468,0.497144,-0.00987,0.629748,0.471912,-0.002076,0.637931,0.498799,0.006395,0.644885,0.518635,0.009108,0.603615,0.52321,-0.013051,0.612654,0.512333,0.000995,0.622297,0.533176,0.012286,0.627777,0.552641,0.014332,0.583957,0.553555,-0.015547,0.594353,0.543743,-0.00173,0.605071,0.5623,0.009877,0.61115,0.579232,0.016317
one,0.676304,0.676899,0.0,0.702572,0.59687,0.01484,0.689024,0.536402,0.018082,0.666416,0.504507,0.018727,0.639633,0.503197,0.017513,0.668926,0.486386,-0.00402,0.660225,0.397058,-0.002703,0.653156,0.346348,-0.002336,0.644959,0.307646,-0.0037,0.632815,0.495251,-0.009345,0.637022,0.469457,-0.000494,0.646188,0.494491,0.007682,0.65313,0.513357,0.009682,0.608107,0.522011,-0.011461,0.618939,0.508894,0.003661,0.628485,0.528005,0.014919,0.633624,0.547565,0.016509,0.589018,0.55259,-0.013072,0.599323,0.540319,0.001193,0.610456,0.556197,0.012608,0.617234,0.572961,0.018786
one,0.677454,0.672888,0.0,0.705268,0.593672,0.01526,0.692846,0.534335,0.018303,0.671053,0.502793,0.018391,0.644014,0.502682,0.016444,0.673489,0.48397,-0.004577,0.663293,0.394902,-0.003986,0.656051,0.343952,-0.004097,0.64861,0.30558,-0.005773,0.636897,0.492476,-0.010601,0.64031,0.469225,-0.00243,0.648229,0.494234,0.005645,0.655596,0.514615,0.007544,0.611712,0.5202,-0.0134,0.621394,0.509218,0.00118,0.629833,0.527789,0.012526,0.63561,0.548171,0.014065,0.592054,0.552157,-0.015712,0.602409,0.543125,-0.002087,0.612404,0.559959,0.009221,0.619102,0.577364,0.015315
one,0.682026,0.680089,0.0,0.702966,0.598648,0.009099,0.686479,0.531426,0.007483,0.651467,0.494678,0.003359,0.616869,0.486082,-0.002625,0.691086,0.488397,-0.007567,0.683305,0.396635,-0.014492,0.679639,0.342359,-0.017579,0.675642,0.300763,-0.019553,0.656924,0.498818,-0.014533,0.629943,0.464628,-0.021867,0.627556,0.491643,-0.021005,0.63474,0.516267,-0.018928,0.627007,0.522442,-0.019116,0.615042,0.513791,-0.019875,0.623125,0.536233,-0.013462,0.632873,0.556025,-0.009407,0.602193,0.549467,-0.023071,0.601348,0.544193,-0.018064,0.610658,0.565104,-0.009312,0.618579,0.582733,-0.00217
one,0.650148,0.687089,-0.0,0.610704,0.613756,-0.005957,0.60099,0.555494,-0.017419,0.596603,0.507689,-0.033223,0.602832,0.471996,-0.04839,0.682068,0.496116,0.001724,0.678677,0.430898,-0.015484,0.679975,0.386731,-0.02618,0.685783,0.349891,-0.034875,0.697447,0.507571,-0.008657,0.631237,0.469915,-0.038495,0.608684,0.513842,-0.044274,0.612882,0.540218,-0.041647,0.699963,0.52582,-0.021593,0.625463,0.513529,-0.04748,0.616712,0.556557,-0.03905,0.630338,0.575169,-0.027654,0.691322,0.548311,-0.036326,0.629521,0.543571,-0.052338,0.624724,0.574981,-0.04695,0.639132,0.588593,-0.03882
one,0.651512,0.705035,-0.0,0.611207,0.655954,-0.01405,0.594118,0.5886,-0.026772,0.599349,0.531134,-0.042249,0.626583,0.499701,-0.056557,0.627267,0.513645,-0.003506,0.619254,0.439753,-0.025548,0.615551,0.393035,-0.036754,0.618951,0.353036,-0.044649,0.66006,0.518134,-0.009788,0.63213,0.490721,-0.043949,0.620656,0.549551,-0.047109,0.630519,0.57329,-0.039663,0.687328,0.536099,-0.019899,0.648357,0.532519,-0.049848,0.636391,0.584644,-0.037673,0.648409,0.598204,-0.021314,0.708075,0.563877,-0.032407,0.668103,0.563519,-0.047358,0.659102,0.60088,-0.037575,0.671726,0.610263,-0.025861
one,0.674836,0.688047,-0.0,0.633602,0.650887,-0.01505,0.61054,0.5821,-0.025714,0.619218,0.520347,-0.038732,0.649577,0.48973,-0.050153,0.632963,0.501217,-0.007866,0.619823,0.417984,-0.030478,0.613515,0.370478,-0.041895,0.614595,0.327487,-0.050243,0.666928,0.502003,-0.013905,0.646922,0.48076,-0.051222,0.638422,0.541663,-0.05478,0.646806,0.566472,-0.047352,0.696669,0.51743,-0.023606,0.668604,0.520566,-0.054769,0.656986,0.575564,-0.041295,0.666723,0.58766,-0.024054,0.721941,0.542793,-0.036029,0.690819,0.550003,-0.051155,0.679904,0.58866,-0.040917,0.689577,0.595288,-0.029042
one,0.678347,0.689497,-0.0,0.635538,0.649035,-0.012783,0.610101,0.580755,-0.024474,0.614972,0.5201,-0.039171,0.642699,0.487189,-0.053023,0.639479,0.497071,-0.00633,0.622424,0.419022,-0.028491,0.613627,0.37054,-0.039986,0.611883,0.328406,-0.048365,0.674646,0.495801,-0.013697,0.643044,0.481372,-0.049057,0.635525,0.543861,-0.052175,0.64683,0.566148,-0.044931,0.703851,0.510628,-0.024486,0.663912,0.519373,-0.055378,0.655501,0.576252,-0.041703,0.66808,0.588426,-0.024535,0.726638,0.536417,-0.037624,0.68534,0.547082,-0.053559,0.679584,0.587866,-0.042703,0.693777,0.594559,-0.030131
one,0.692251,0.725426,-0.0,0.633511,0.675681,-0.0106,0.603304,0.614092,-0.024628,0.585837,0.562855,-0.042019,0.587319,0.524613,-0.057717,0.662519,0.5058,-0.006016,0.634916,0.433416,-0.027408,0.621762,0.382881,-0.039078,0.614441,0.3407,-0.048654,0.687826,0.507753,-0.015622,0.609892,0.503832,-0.045857,0.607407,0.56633,-0.046593,0.627997,0.584478,-0.040867,0.701584,0.526658,-0.028752,0.620863,0.548087,-0.054372,0.623334,0.60108,-0.039676,0.643892,0.608167,-0.025455,0.70347,0.558437,-0.044681,0.638308,0.581073,-0.060484,0.641615,0.618527,-0.052199,0.661234,0.623353,-0.042636
one,0.677383,0.736305,-0.0,0.618209,0.681001,-0.003991,0.593702,0.626035,-0.018785,0.575724,0.580075,-0.037299,0.562385,0.538857,-0.055302,0.664058,0.519073,-0.01003,0.637806,0.445913,-0.029722,0.627398,0.396171,-0.042063,0.621871,0.352841,-0.052379,0.678197,0.528242,-0.021493,0.591146,0.515599,-0.047022,0.586024,0.564534,-0.048078,0.603868,0.58255,-0.045824,0.67709,0.552151,-0.034805,0.591158,0.569533,-0.053962,0.595261,0.610272,-0.040934,0.616268,0.617074,-0.031095,0.664642,0.583331,-0.05015,0.599278,0.603821,-0.062434,0.602861,0.636679,-0.055482,0.620944,0.643094,-0.048647
one,0.674468,0.736737,-0.0,0.614844,0.679495,-0.00011,0.591719,0.618737,-0.01178,0.572563,0.571465,-0.02742,0.556148,0.535178,-0.043019,0.661199,0.516797,-0.007298,0.638329,0.442818,-0.025472,0.629909,0.393246,-0.037635,0.625582,0.348241,-0.047854,0.669337,0.52842,-0.019323,0.584094,0.516103,-0.044856,0.578405,0.561003,-0.048231,0.594567,0.582178,-0.047854,0.662612,0.554172,-0.032245,0.580382,0.566902,-0.050661,0.584417,0.606171,-0.039897,0.604418,0.61643,-0.031624,0.646986,0.58527,-0.046653,0.586466,0.603602,-0.058387,0.59032,0.635493,-0.052605,0.608218,0.643538,-0.046598
one,0.666016,0.729365,-0.0,0.621827,0.666469,0.000525,0.597563,0.605429,-0.012198,0.571657,0.560278,-0.028686,0.551213,0.532861,-0.045065,0.663225,0.516071,-0.00911,0.639256,0.441629,-0.028852,0.63127,0.391646,-0.041829,0.627608,0.346164,-0.052658,0.666258,0.529858,-0.022011,0.57931,0.517249,-0.04881,0.573958,0.558969,-0.05246,0.590117,0.57739,-0.052509,0.654796,0.556809,-0.035814,0.574021,0.568698,-0.055348,0.579109,0.606416,-0.046017,0.599669,0.613265,-0.038852,0.637011,0.587316,-0.050939,0.578048,0.607264,-0.064196,0.581108,0.639308,-0.06023,0.597823,0.643996,-0.055655
one,0.666131,0.728952,-0.0,0.647174,0.660816,0.001705,0.618917,0.595958,-0.010327,0.576247,0.554841,-0.025872,0.546281,0.538688,-0.041535,0.665161,0.520413,-0.009868,0.641443,0.4426,-0.028944,0.632947,0.390432,-0.039962,0.628664,0.346321,-0.049016,0.662852,0.533442,-0.021632,0.57858,0.52181,-0.047912,0.575134,0.560496,-0.050793,0.591995,0.576466,-0.050085,0.648283,0.560827,-0.033934,0.571867,0.572092,-0.053322,0.578015,0.60565,-0.046063,0.598508,0.609161,-0.039907,0.627784,0.591294,-0.046925,0.571494,0.608502,-0.058966,0.57634,0.637463,-0.056216,0.592715,0.64001,-0.052777
one,0.673952,0.741859,0.0,0.700495,0.654446,0.012826,0.687963,0.585222,0.013736,0.664037,0.550135,0.01222,0.634861,0.548422,0.008869,0.679209,0.536387,-0.010169,0.669743,0.434689,-0.014397,0.664941,0.376313,-0.014971,0.659352,0.331698,-0.015646,0.639263,0.54761,-0.016866,0.62046,0.495277,-0.016307,0.626069,0.52436,-0.008503,0.635879,0.55277,-0.003488,0.608957,0.574103,-0.020576,0.604237,0.552985,-0.011367,0.613285,0.575573,-0.000323,0.620963,0.598446,0.003512,0.584421,0.605933,-0.023913,0.587318,0.589021,-0.011789,0.59728,0.610334,-7.3e-05,0.604669,0.630712,0.007232
one,0.653585,0.749243,0.0,0.699508,0.675186,-7.1e-05,0.69812,0.604517,0.00091,0.675705,0.557833,0.003821,0.651527,0.540768,0.006056,0.655831,0.54296,-0.021711,0.652303,0.443442,-0.022337,0.649171,0.387466,-0.022149,0.644558,0.34337,-0.023364,0.615826,0.552196,-0.018925,0.636926,0.509986,-0.011452,0.649469,0.53573,-0.002048,0.652867,0.561337,0.000735,0.59221,0.577232,-0.013705,0.616548,0.551001,-0.0014,0.629276,0.573371,0.01031,0.631944,0.59852,0.012403,0.57621,0.604318,-0.009108,0.59404,0.581685,0.000968,0.606031,0.6006,0.010693,0.60908,0.622293,0.015724
one,0.64045,0.750601,-0.0,0.685852,0.680786,0.00082,0.688929,0.608128,0.006933,0.677487,0.552855,0.016728,0.664188,0.525553,0.026893,0.639965,0.553494,-0.022492,0.641716,0.452619,-0.022986,0.639377,0.396718,-0.023308,0.634904,0.351654,-0.024281,0.600767,0.560454,-0.01576,0.628151,0.518889,-0.003899,0.643055,0.545384,0.007516,0.646758,0.572428,0.011275,0.578947,0.580774,-0.00649,0.60943,0.553007,0.009411,0.623532,0.574337,0.019736,0.626366,0.599637,0.020806,0.56518,0.603725,0.002452,0.591607,0.581349,0.014742,0.60413,0.599404,0.022301,0.606799,0.622697,0.025741
one,0.632211,0.746423,0.0,0.682005,0.681305,-0.003574,0.691717,0.605673,-0.001669,0.675515,0.550322,0.003415,0.657712,0.526743,0.008305,0.643892,0.555353,-0.025222,0.656678,0.452136,-0.025541,0.661148,0.395872,-0.023707,0.661364,0.350376,-0.023529,0.603494,0.556689,-0.019254,0.63756,0.511946,-0.013433,0.651291,0.538422,-0.004483,0.652259,0.566672,-0.000886,0.58149,0.57157,-0.010815,0.61644,0.54252,-0.000152,0.630393,0.564148,0.009825,0.631311,0.590713,0.011794,0.567881,0.590593,-0.00308,0.597942,0.566665,0.004533,0.609516,0.587353,0.011187,0.608974,0.611594,0.014789
one,0.627136,0.740946,0.0,0.676537,0.678526,-0.0053,0.687664,0.606481,-0.007198,0.675359,0.549704,-0.005961,0.656012,0.520406,-0.004688,0.645407,0.555984,-0.031162,0.659477,0.449562,-0.035521,0.665107,0.390123,-0.03525,0.66518,0.342442,-0.03538,0.605989,0.554555,-0.026295,0.633548,0.500692,-0.02544,0.644898,0.524204,-0.017239,0.644918,0.553336,-0.012649,0.58207,0.566755,-0.018879,0.612676,0.533098,-0.012159,0.624723,0.55356,-0.000678,0.625011,0.579327,0.003802,0.566497,0.582923,-0.01224,0.593858,0.556896,-0.006117,0.60411,0.577214,0.002443,0.60316,0.599851,0.008174
one,0.641733,0.746193,-0.0,0.683994,0.668616,0.017409,0.681138,0.600589,0.035679,0.672412,0.546812,0.057748,0.66137,0.519421,0.080981,0.638489,0.54071,-0.008576,0.603051,0.458574,-0.005017,0.574461,0.416019,-0.00618,0.551379,0.382308,-0.006776,0.601556,0.552612,-0.002039,0.620207,0.520949,0.028118,0.635931,0.547552,0.046791,0.645279,0.571537,0.051542,0.578168,0.57936,0.007542,0.604746,0.558658,0.035089,0.618619,0.582117,0.042093,0.624526,0.60397,0.038113,0.563585,0.604219,0.018968,0.587582,0.589127,0.042203,0.602658,0.606775,0.050572,0.609853,0.628573,0.051824
one,0.661573,0.72394,-0.0,0.694429,0.640077,0.010804,0.679259,0.573234,0.024666,0.655952,0.53063,0.041066,0.635053,0.522497,0.058293,0.632428,0.522959,-0.006956,0.58307,0.457731,-0.005181,0.544524,0.431199,-0.007616,0.513628,0.412182,-0.010185,0.599548,0.547946,-0.003839,0.614088,0.517335,0.015876,0.632589,0.539955,0.025748,0.64237,0.55802,0.025682,0.581204,0.58063,0.001506,0.603494,0.557299,0.021405,0.620725,0.578357,0.026558,0.626696,0.596705,0.022312,0.57124,0.611581,0.007369,0.589312,0.590377,0.024148,0.606448,0.605519,0.031937,0.614726,0.626108,0.033838
two,0.449615,0.746191,0.0,0.493322,0.723235,-0.019725,0.51984,0.681058,-0.029063,0.520995,0.63534,-0.039565,0.514073,0.592242,-0.048035,0.528226,0.585357,-0.009191,0.564387,0.53,-0.023871,0.583721,0.493776,-0.034435,0.597774,0.460176,-0.041646,0.500064,0.570238,-0.012566,0.509206,0.48679,-0.031632,0.514651,0.438765,-0.044071,0.517579,0.398016,-0.050736,0.470379,0.576574,-0.018521,0.48611,0.522085,-0.047519,0.493692,0.567979,-0.050635,0.493236,0.606198,-0.044308,0.441835,0.596574,-0.026001,0.459361,0.561114,-0.050338,0.470513,0.591713,-0.04995,0.472587,0.622304,-0.04337
two,0.449829,0.748565,0.0,0.493659,0.724886,-0.019176,0.520464,0.679958,-0.027888,0.520607,0.631761,-0.037679,0.511149,0.589324,-0.045556,0.527104,0.58768,-0.009129,0.563573,0.531083,-0.022912,0.582758,0.494963,-0.03255,0.596198,0.461341,-0.039138,0.499318,0.573438,-0.012515,0.507938,0.488034,-0.030927,0.513609,0.440893,-0.042447,0.515929,0.400861,-0.048342,0.470139,0.580793,-0.018295,0.485905,0.52469,-0.046455,0.494228,0.572326,-0.048117,0.493466,0.610698,-0.040758,0.441919,0.601403,-0.025573,0.459904,0.561772,-0.048793,0.47086,0.592621,-0.046988,0.471882,0.623699,-0.03949
two,0.447146,0.754352,0.0,0.490653,0.729229,-0.0202,0.516017,0.681426,-0.028391,0.512323,0.630185,-0.037275,0.499464,0.588152,-0.044293,0.519602,0.592,-0.008599,0.549932,0.533283,-0.021168,0.565617,0.496312,-0.030043,0.57714,0.462751,-0.036304,0.491658,0.578176,-0.010822,0.498349,0.495072,-0.027224,0.501939,0.447274,-0.037745,0.502524,0.409927,-0.043428,0.462927,0.585666,-0.015717,0.475212,0.526493,-0.042332,0.483321,0.569095,-0.045296,0.483317,0.607353,-0.039556,0.435797,0.605783,-0.022191,0.450238,0.5663,-0.044933,0.46164,0.594677,-0.044887,0.464037,0.625432,-0.039139
two,0.445382,0.755174,0.0,0.488425,0.730514,-0.021894,0.511702,0.683988,-0.030798,0.508601,0.632612,-0.040282,0.498462,0.588986,-0.047634,0.516991,0.591826,-0.007296,0.547048,0.533581,-0.020165,0.562778,0.496172,-0.029753,0.573896,0.461979,-0.036702,0.489092,0.578636,-0.008862,0.495896,0.497274,-0.026799,0.498793,0.450282,-0.03884,0.498949,0.412675,-0.045269,0.460408,0.585803,-0.013467,0.471172,0.526266,-0.041606,0.478099,0.569218,-0.045475,0.477992,0.607633,-0.039875,0.432959,0.605059,-0.019828,0.446155,0.56491,-0.044342,0.45687,0.593539,-0.045404,0.459481,0.624762,-0.040075
two,0.445137,0.751371,0.0,0.486729,0.728736,-0.022871,0.510698,0.682709,-0.032956,0.506191,0.632239,-0.043286,0.492157,0.591458,-0.051543,0.519414,0.589674,-0.011821,0.551599,0.531633,-0.026499,0.56816,0.493048,-0.036861,0.579971,0.45843,-0.044109,0.490337,0.575129,-0.013408,0.49834,0.49448,-0.032419,0.501747,0.445318,-0.04482,0.502959,0.40487,-0.051427,0.460504,0.582276,-0.017782,0.470395,0.527657,-0.046397,0.476328,0.570186,-0.05029,0.476257,0.607363,-0.044674,0.432002,0.602584,-0.023959,0.442458,0.567947,-0.04835,0.452816,0.59569,-0.049132,0.456408,0.624663,-0.043555
two,0.444528,0.751466,0.0,0.486604,0.729037,-0.023827,0.511926,0.683597,-0.034741,0.507931,0.632834,-0.045966,0.491957,0.592174,-0.055247,0.520807,0.586573,-0.01278,0.552902,0.527182,-0.028794,0.569928,0.487688,-0.04026,0.582696,0.452365,-0.048266,0.49081,0.57221,-0.014649,0.499235,0.49118,-0.035302,0.502966,0.440703,-0.049008,0.505308,0.398604,-0.056398,0.459858,0.580048,-0.019357,0.470424,0.524957,-0.050193,0.474813,0.57031,-0.05399,0.473751,0.60925,-0.047697,0.430401,0.601794,-0.025898,0.440799,0.566691,-0.052212,0.450755,0.596343,-0.052698,0.453859,0.626718,-0.046411
two,0.454968,0.762356,0.0,0.496595,0.736633,-0.012789,0.527962,0.687183,-0.018824,0.538504,0.638669,-0.027781,0.525022,0.599956,-0.034809,0.518344,0.602548,-0.003344,0.545917,0.532327,-0.015985,0.560045,0.493406,-0.023316,0.567896,0.45816,-0.028042,0.494207,0.591396,-0.009796,0.502666,0.497943,-0.029759,0.508319,0.447935,-0.041293,0.509143,0.4072,-0.046424,0.468779,0.598549,-0.018258,0.489948,0.534418,-0.047594,0.503118,0.585927,-0.048637,0.505322,0.626322,-0.040042,0.443987,0.618054,-0.027726,0.468078,0.581018,-0.05087,0.485412,0.61139,-0.050142,0.491502,0.642123,-0.043325
two,0.446006,0.762221,0.0,0.461694,0.693796,0.024456,0.492851,0.641313,0.024788,0.526136,0.622941,0.014792,0.551271,0.620222,0.005709,0.478198,0.589398,0.018559,0.493694,0.524814,0.009524,0.500392,0.480433,0.005118,0.503612,0.444242,0.00132,0.484873,0.590963,-0.005929,0.508129,0.514885,-0.027147,0.520514,0.467542,-0.038805,0.527783,0.426265,-0.044027,0.493376,0.611819,-0.028081,0.555983,0.576345,-0.044276,0.557672,0.615267,-0.034679,0.545795,0.633193,-0.022529,0.509558,0.647238,-0.049143,0.565112,0.629019,-0.051,0.565007,0.658123,-0.037102,0.552448,0.674982,-0.024777
two,0.469973,0.78258,0.0,0.44553,0.706225,0.030867,0.454151,0.656001,0.040016,0.47518,0.619961,0.043857,0.498888,0.60832,0.048817,0.462757,0.605083,0.013831,0.460276,0.529676,0.010317,0.455365,0.480498,0.009025,0.454561,0.444371,0.009337,0.49309,0.609194,0.001346,0.511406,0.528734,-0.006065,0.522354,0.478231,-0.009985,0.532704,0.444574,-0.011352,0.521621,0.628424,-0.005743,0.538049,0.591448,0.003585,0.527308,0.602677,0.018457,0.518463,0.618858,0.028928,0.544969,0.656419,-0.011368,0.548951,0.633505,0.008003,0.540054,0.646389,0.027154,0.535109,0.662986,0.041338
two,0.480439,0.794468,0.0,0.450917,0.722347,0.030245,0.456911,0.667471,0.041221,0.477931,0.628171,0.047456,0.499363,0.612675,0.054848,0.464319,0.609398,0.015121,0.461761,0.529023,0.01296,0.45733,0.478662,0.013435,0.456618,0.441424,0.015223,0.496766,0.611191,0.004321,0.514857,0.528301,-0.002234,0.525239,0.47635,-0.004233,0.535329,0.441257,-0.003423,0.525969,0.627762,-0.001435,0.534341,0.593336,0.00775,0.522334,0.604207,0.021926,0.514159,0.621684,0.032622,0.549839,0.653194,-0.005712,0.548951,0.632176,0.012528,0.539233,0.645208,0.030102,0.534668,0.662927,0.043621
two,0.477309,0.793819,0.0,0.445968,0.724041,0.023509,0.452716,0.665476,0.03192,0.474767,0.627966,0.037238,0.495541,0.612668,0.043292,0.463457,0.609471,0.004542,0.458301,0.527783,0.002076,0.454417,0.47621,0.003167,0.453868,0.437996,0.005296,0.497594,0.612781,-0.003511,0.515685,0.52633,-0.008129,0.525869,0.473497,-0.008782,0.536817,0.437824,-0.007869,0.527261,0.630627,-0.006891,0.535335,0.588697,0.000902,0.521846,0.601693,0.012772,0.513251,0.622393,0.021463,0.551202,0.655094,-0.00897,0.545592,0.634275,0.005172,0.533886,0.6489,0.019426,0.529596,0.66812,0.030472
two,0.476242,0.794078,0.0,0.444993,0.723586,0.025753,0.450177,0.664979,0.034859,0.472214,0.625777,0.040421,0.494113,0.612191,0.046648,0.461308,0.608109,0.006945,0.456703,0.527063,0.005,0.451779,0.475138,0.005863,0.450108,0.436359,0.007642,0.494726,0.611671,-0.001979,0.51269,0.525348,-0.005924,0.522344,0.472312,-0.006568,0.532687,0.43657,-0.005894,0.524526,0.629972,-0.005977,0.534554,0.588809,0.003365,0.521703,0.601192,0.016148,0.51307,0.621694,0.025097,0.548942,0.654762,-0.008621,0.545654,0.6335,0.007624,0.535061,0.647843,0.023243,0.531336,0.666808,0.034988
two,0.470403,0.78906,0.0,0.444946,0.711816,0.03619,0.449981,0.661389,0.04586,0.468381,0.621611,0.04905,0.489944,0.606931,0.053188,0.455453,0.606543,0.012514,0.45433,0.527627,0.004784,0.448731,0.474513,-0.000159,0.447138,0.435116,-0.002638,0.485991,0.609869,-0.003334,0.506284,0.522935,-0.015354,0.51785,0.468742,-0.022062,0.52811,0.434018,-0.025406,0.515884,0.627615,-0.012897,0.537285,0.583564,-0.004459,0.528085,0.597057,0.013532,0.519918,0.61498,0.025931,0.542034,0.655303,-0.020903,0.552683,0.629954,-0.001674,0.544752,0.645301,0.019275,0.539542,0.662484,0.034944
two,0.462708,0.784184,0.0,0.444566,0.704028,0.033697,0.453441,0.653604,0.037932,0.472681,0.618944,0.034069,0.497595,0.604668,0.031432,0.450806,0.605016,0.009755,0.454274,0.529856,-0.002278,0.448372,0.479903,-0.009326,0.444912,0.44208,-0.013284,0.476393,0.606333,-0.011033,0.495958,0.521384,-0.032265,0.505455,0.464419,-0.045268,0.512161,0.426201,-0.05193,0.503896,0.622746,-0.025752,0.53906,0.577643,-0.026921,0.536353,0.596599,-0.008816,0.527149,0.613142,0.006077,0.530414,0.651299,-0.039134,0.555276,0.617771,-0.024219,0.551071,0.63791,-0.00056,0.541721,0.65585,0.018053
two,0.477096,0.764439,0.0,0.513841,0.727353,-0.022055,0.530087,0.671849,-0.029436,0.524616,0.619493,-0.03693,0.505581,0.579707,-0.042683,0.509573,0.590736,-0.005584,0.519507,0.525657,-0.015558,0.522503,0.487583,-0.022951,0.521537,0.453895,-0.02823,0.482114,0.588715,-0.005732,0.470234,0.508825,-0.019239,0.464475,0.463676,-0.027961,0.45737,0.428342,-0.032644,0.457956,0.604467,-0.009221,0.455586,0.540414,-0.034149,0.476032,0.570031,-0.03866,0.486995,0.602397,-0.034492,0.435042,0.62978,-0.014367,0.44183,0.579343,-0.036976,0.46035,0.598873,-0.03851,0.470841,0.628363,-0.03433
two,0.458548,0.767832,0.0,0.498227,0.736818,-0.024067,0.519014,0.687697,-0.03443,0.508845,0.63863,-0.045113,0.487763,0.601126,-0.05392,0.514216,0.586039,-0.012895,0.537149,0.517573,-0.028823,0.547371,0.47415,-0.039737,0.553194,0.435178,-0.047117,0.482275,0.577303,-0.014888,0.482558,0.491649,-0.034778,0.481291,0.441726,-0.046951,0.478808,0.402277,-0.052956,0.452327,0.591819,-0.020001,0.454244,0.531775,-0.050414,0.464698,0.578378,-0.05391,0.46976,0.619771,-0.047131,0.425115,0.620661,-0.027022,0.427249,0.581984,-0.052869,0.441213,0.608608,-0.053557,0.450192,0.638046,-0.047369
two,0.456866,0.7733,0.0,0.498053,0.742612,-0.022015,0.519423,0.692125,-0.031499,0.510547,0.642012,-0.041973,0.486859,0.605437,-0.050758,0.517153,0.589045,-0.009864,0.543186,0.520018,-0.025589,0.556053,0.476664,-0.036425,0.564522,0.438345,-0.043748,0.48511,0.579622,-0.013434,0.487453,0.492592,-0.033824,0.488939,0.441524,-0.04659,0.488661,0.401051,-0.052695,0.45451,0.594354,-0.020039,0.456614,0.535551,-0.051855,0.466317,0.587517,-0.054685,0.47041,0.630557,-0.046657,0.426396,0.624449,-0.028372,0.42884,0.584702,-0.055191,0.441882,0.614726,-0.05475,0.449298,0.645619,-0.047264
two,0.45331,0.771694,0.0,0.495946,0.739659,-0.024735,0.518714,0.686657,-0.035261,0.50632,0.634878,-0.046203,0.478757,0.598591,-0.055175,0.516412,0.578406,-0.011078,0.542167,0.508113,-0.026506,0.554872,0.463769,-0.03772,0.563037,0.42355,-0.045582,0.482084,0.567404,-0.013759,0.483619,0.478798,-0.03347,0.484155,0.42526,-0.046368,0.483595,0.381946,-0.052836,0.44993,0.582108,-0.019726,0.450666,0.524241,-0.051502,0.459291,0.578834,-0.05472,0.463281,0.622769,-0.04691,0.420793,0.612967,-0.027679,0.422219,0.574486,-0.054804,0.435408,0.607265,-0.05451,0.443765,0.63941,-0.047027
two,0.465828,0.793048,0.0,0.50668,0.748531,-0.021025,0.520928,0.689316,-0.029962,0.505291,0.635943,-0.040592,0.47533,0.602905,-0.049793,0.502017,0.581297,-0.007668,0.513758,0.502423,-0.022214,0.518182,0.457537,-0.033119,0.518376,0.416447,-0.041364,0.465956,0.580458,-0.011932,0.449209,0.491887,-0.032584,0.438375,0.439237,-0.04692,0.426766,0.396104,-0.054837,0.436675,0.604845,-0.018995,0.424453,0.537563,-0.051292,0.444646,0.587696,-0.05585,0.457605,0.630857,-0.049462,0.412403,0.64591,-0.027564,0.407987,0.599169,-0.056008,0.425801,0.627539,-0.05737,0.439026,0.660245,-0.051225
two,0.500614,0.792655,0.0,0.529905,0.73731,-0.0216,0.529345,0.674301,-0.030749,0.501466,0.640553,-0.041009,0.468062,0.628392,-0.049756,0.488026,0.578184,-0.011786,0.477963,0.500748,-0.027411,0.468302,0.455379,-0.038066,0.45551,0.417541,-0.045395,0.454064,0.594408,-0.015611,0.413784,0.520176,-0.037103,0.386791,0.478263,-0.051255,0.362243,0.444872,-0.058083,0.43153,0.631104,-0.021778,0.4101,0.578898,-0.054694,0.439846,0.620616,-0.058215,0.459743,0.656236,-0.050319,0.418962,0.679118,-0.029454,0.40898,0.64625,-0.057348,0.433374,0.669273,-0.056927,0.452215,0.694081,-0.048865
two,0.513969,0.785665,0.0,0.541476,0.730379,-0.024612,0.538668,0.667754,-0.034869,0.509885,0.634625,-0.045608,0.474332,0.623747,-0.054603,0.490288,0.572666,-0.012735,0.473934,0.499512,-0.028194,0.460157,0.456467,-0.039039,0.444667,0.421007,-0.046568,0.457669,0.592911,-0.01499,0.412411,0.526793,-0.036601,0.382574,0.490834,-0.050822,0.356599,0.463396,-0.057535,0.437234,0.631342,-0.019949,0.413718,0.583011,-0.053413,0.4449,0.621654,-0.057003,0.466147,0.65529,-0.048921,0.426648,0.679164,-0.026701,0.414821,0.647327,-0.055101,0.440192,0.667974,-0.055142,0.460225,0.69072,-0.047308
two,0.521434,0.787382,0.0,0.54034,0.728965,-0.023628,0.531104,0.669951,-0.033861,0.499294,0.647845,-0.044654,0.463614,0.644729,-0.054063,0.471264,0.585011,-0.01276,0.442823,0.519853,-0.028817,0.42145,0.482956,-0.040507,0.400155,0.452457,-0.048648,0.441109,0.613207,-0.016229,0.385041,0.559745,-0.037963,0.348949,0.534107,-0.052671,0.318484,0.513678,-0.059768,0.425409,0.656641,-0.022367,0.397624,0.612702,-0.057286,0.433617,0.643993,-0.061874,0.459353,0.672374,-0.054294,0.420703,0.70797,-0.030115,0.406152,0.679447,-0.060325,0.435136,0.694122,-0.060979,0.458936,0.711104,-0.053373
two,0.528217,0.78898,0.0,0.547543,0.729264,-0.023056,0.537195,0.671618,-0.0328,0.50713,0.651106,-0.04335,0.472279,0.65038,-0.052304,0.472046,0.588403,-0.011511,0.44194,0.523304,-0.026744,0.42074,0.486711,-0.037553,0.398546,0.457206,-0.045187,0.443663,0.618631,-0.015302,0.384484,0.568178,-0.037146,0.347901,0.543538,-0.051895,0.316683,0.524064,-0.058968,0.430283,0.663417,-0.021724,0.404105,0.621898,-0.05676,0.442879,0.648361,-0.061465,0.469417,0.672519,-0.053846,0.427813,0.714698,-0.029687,0.41543,0.684539,-0.059287,0.446246,0.69648,-0.059477,0.470751,0.711149,-0.051696
two,0.528907,0.790835,0.0,0.553952,0.738156,-0.01993,0.551365,0.679458,-0.029366,0.530083,0.643108,-0.040112,0.499262,0.628821,-0.049272,0.506884,0.582715,-0.010919,0.493287,0.506544,-0.026239,0.481219,0.462181,-0.036984,0.466198,0.426757,-0.044246,0.475261,0.602412,-0.01558,0.428815,0.532563,-0.037022,0.400886,0.494683,-0.050902,0.375345,0.465562,-0.05748,0.455132,0.640501,-0.022383,0.438634,0.586719,-0.054849,0.471522,0.618129,-0.057871,0.491814,0.648405,-0.04991,0.444336,0.68774,-0.030496,0.438197,0.647693,-0.057049,0.464004,0.665357,-0.054894,0.4822,0.688615,-0.04595
two,0.506703,0.788599,0.0,0.543636,0.752616,-0.026071,0.560291,0.698606,-0.038357,0.545396,0.657843,-0.051028,0.516803,0.629135,-0.061628,0.540418,0.584205,-0.014867,0.551919,0.507676,-0.033287,0.555888,0.459833,-0.045454,0.554064,0.418969,-0.053051,0.505042,0.587448,-0.017624,0.483447,0.499185,-0.042058,0.468982,0.448522,-0.056663,0.454055,0.407326,-0.062699,0.475468,0.613695,-0.023549,0.473715,0.56197,-0.060513,0.49512,0.611382,-0.065337,0.505491,0.649364,-0.056874,0.452076,0.651944,-0.031298,0.459343,0.622681,-0.060719,0.478056,0.65308,-0.060878,0.487677,0.679529,-0.052914
two,0.484552,0.783099,0.0,0.524935,0.759546,-0.025776,0.547269,0.712311,-0.038263,0.538989,0.672338,-0.051296,0.520099,0.635701,-0.062084,0.553983,0.598457,-0.014993,0.581245,0.530311,-0.034374,0.595475,0.485893,-0.047772,0.603909,0.44564,-0.05645,0.519451,0.587371,-0.018462,0.515769,0.496273,-0.043994,0.511546,0.441705,-0.060496,0.50694,0.394761,-0.068112,0.486152,0.601119,-0.024989,0.493527,0.552502,-0.062573,0.501084,0.609909,-0.067618,0.50261,0.651298,-0.059388,0.457386,0.63005,-0.033437,0.468091,0.605798,-0.064183,0.479675,0.643495,-0.064732,0.484961,0.673036,-0.056813
two,0.484604,0.780084,0.0,0.524543,0.761301,-0.028012,0.547696,0.718098,-0.042982,0.541759,0.677488,-0.058465,0.521104,0.639346,-0.071784,0.559233,0.600644,-0.018748,0.588191,0.534101,-0.039651,0.602949,0.489855,-0.054152,0.611955,0.4489,-0.063796,0.524851,0.588263,-0.022476,0.524159,0.496758,-0.049647,0.521686,0.441458,-0.067087,0.51855,0.393191,-0.075464,0.490901,0.601292,-0.029348,0.498783,0.552503,-0.068603,0.505217,0.611761,-0.073833,0.506322,0.653999,-0.065622,0.461093,0.63046,-0.03831,0.471721,0.604657,-0.070008,0.482044,0.643875,-0.070374,0.48642,0.675359,-0.062382
two,0.484761,0.788961,0.0,0.528198,0.768205,-0.023068,0.554904,0.724623,-0.035698,0.554779,0.683238,-0.049499,0.535579,0.646407,-0.061546,0.559264,0.604131,-0.015855,0.587771,0.534501,-0.034826,0.60124,0.489456,-0.047925,0.608401,0.447238,-0.056611,0.52666,0.594815,-0.021319,0.528272,0.499454,-0.045376,0.527438,0.444973,-0.060861,0.524068,0.39817,-0.068465,0.493486,0.61069,-0.029318,0.505191,0.55565,-0.065226,0.515698,0.611086,-0.068783,0.517266,0.652774,-0.060229,0.463301,0.642439,-0.038903,0.477524,0.605279,-0.067099,0.49039,0.640598,-0.064956,0.494058,0.672598,-0.055799
two,0.482472,0.787937,0.0,0.531145,0.754714,-0.004059,0.566065,0.707949,-0.012496,0.588063,0.676494,-0.026367,0.589172,0.642246,-0.038004,0.53778,0.60097,-0.003176,0.555679,0.533687,-0.01949,0.562946,0.488951,-0.030152,0.563128,0.448567,-0.037196,0.513117,0.598604,-0.01852,0.527244,0.507673,-0.040612,0.536926,0.454169,-0.052542,0.540153,0.408216,-0.0577,0.492614,0.6143,-0.035208,0.551247,0.569771,-0.065812,0.572513,0.623102,-0.065049,0.57492,0.660251,-0.055373,0.484402,0.644181,-0.052694,0.540359,0.628393,-0.074184,0.558911,0.662051,-0.071039,0.561471,0.68917,-0.062886
two,0.453915,0.797497,0.0,0.442336,0.704934,0.036936,0.460692,0.656106,0.042858,0.486128,0.623855,0.040819,0.513202,0.615657,0.039873,0.469304,0.602887,0.010414,0.480046,0.525562,-0.003023,0.479969,0.471865,-0.012778,0.480313,0.430979,-0.018416,0.498347,0.613922,-0.009636,0.53205,0.532357,-0.028344,0.551491,0.477098,-0.039396,0.564947,0.439987,-0.045257,0.526212,0.64177,-0.023191,0.563261,0.599522,-0.017981,0.553126,0.612616,0.003938,0.539471,0.625976,0.020141,0.548091,0.680782,-0.035551,0.573977,0.646359,-0.015554,0.565052,0.659988,0.011174,0.55423,0.676126,0.031687
two,0.475213,0.811887,0.0,0.442937,0.734967,0.026624,0.450418,0.676188,0.034058,0.47463,0.634183,0.036557,0.501467,0.618827,0.039853,0.460214,0.622101,0.008504,0.456576,0.53788,0.002259,0.451311,0.482766,-0.000345,0.449837,0.441702,-0.000706,0.493276,0.624057,-0.002756,0.511587,0.537031,-0.011253,0.521822,0.481712,-0.015487,0.532202,0.44573,-0.017053,0.52487,0.642347,-0.009047,0.539425,0.602924,-0.001158,0.5284,0.615965,0.013123,0.520274,0.63469,0.023233,0.5504,0.669013,-0.014357,0.553571,0.647576,0.002448,0.543966,0.663564,0.020238,0.539032,0.681667,0.033729
two,0.480191,0.80881,0.0,0.448963,0.731681,0.024992,0.458617,0.673671,0.031814,0.48578,0.635523,0.03422,0.514245,0.622757,0.03762,0.46761,0.621411,0.006199,0.464757,0.533976,0.000506,0.460465,0.478824,-0.000908,0.459462,0.437879,-0.000552,0.502686,0.623216,-0.003991,0.522427,0.533999,-0.012682,0.532847,0.478123,-0.016445,0.542632,0.441899,-0.01738,0.534237,0.642511,-0.009212,0.54802,0.601189,-0.000936,0.535062,0.613196,0.014065,0.525104,0.63213,0.024735,0.560142,0.670922,-0.013576,0.561941,0.652773,0.003449,0.551122,0.666909,0.021052,0.545087,0.683715,0.034384
two,0.478302,0.812243,0.0,0.446917,0.733543,0.025062,0.455471,0.675387,0.031201,0.480029,0.637817,0.032559,0.506939,0.625859,0.034557,0.467347,0.617706,0.003847,0.466857,0.532351,-0.004206,0.463563,0.476284,-0.00762,0.463476,0.435241,-0.0087,0.502854,0.622424,-0.007801,0.525574,0.533481,-0.017602,0.537393,0.477706,-0.021987,0.548627,0.442256,-0.023642,0.534491,0.643617,-0.014556,0.552465,0.599865,-0.00837,0.539594,0.612615,0.006445,0.529097,0.63267,0.017132,0.560483,0.673313,-0.020516,0.564135,0.65497,-0.006085,0.553009,0.669137,0.010739,0.546608,0.686363,0.023894
two,0.48009,0.818053,0.0,0.44848,0.736741,0.026448,0.45816,0.677699,0.033179,0.483978,0.638261,0.035428,0.511367,0.624925,0.0388,0.469489,0.618436,0.003755,0.469788,0.533625,-0.005155,0.466576,0.476771,-0.010322,0.466321,0.435252,-0.012891,0.505114,0.624466,-0.007697,0.528387,0.536521,-0.018612,0.541195,0.479752,-0.02453,0.552976,0.443155,-0.027582,0.536563,0.646133,-0.013804,0.555609,0.602411,-0.006382,0.542056,0.614462,0.009758,0.530648,0.63462,0.020925,0.562262,0.675456,-0.019123,0.565367,0.658305,-0.003183,0.55414,0.672024,0.014553,0.547707,0.689002,0.028225
two,0.466247,0.804874,0.0,0.455236,0.71934,0.024327,0.470079,0.66148,0.02376,0.49604,0.63021,0.015474,0.524395,0.618833,0.007874,0.46803,0.612795,0.002727,0.477017,0.533306,-0.011718,0.475833,0.480269,-0.021106,0.473992,0.438426,-0.027231,0.493928,0.615571,-0.01802,0.522658,0.529511,-0.034389,0.538801,0.47463,-0.046001,0.550123,0.435244,-0.053612,0.520511,0.636882,-0.034634,0.56873,0.593886,-0.037866,0.564672,0.61846,-0.024334,0.551856,0.636874,-0.013784,0.546686,0.670521,-0.050829,0.581004,0.648502,-0.043093,0.574469,0.669289,-0.02552,0.561654,0.683743,-0.011692
two,0.512969,0.802415,0.0,0.546983,0.757339,-0.016846,0.56458,0.691511,-0.024485,0.564032,0.637663,-0.034297,0.544417,0.598965,-0.041943,0.529601,0.61332,-0.006031,0.539572,0.533897,-0.019978,0.544255,0.488869,-0.02769,0.541911,0.450391,-0.031742,0.503653,0.613811,-0.011614,0.491571,0.515122,-0.03217,0.487838,0.461314,-0.04248,0.479535,0.417481,-0.045482,0.480241,0.632299,-0.019939,0.505913,0.570146,-0.053345,0.529835,0.619056,-0.055147,0.534735,0.656834,-0.045027,0.462171,0.65989,-0.029367,0.492027,0.617456,-0.055058,0.515261,0.650239,-0.053018,0.523239,0.682909,-0.044129
two,0.507996,0.800803,0.0,0.546742,0.763603,-0.02473,0.562908,0.700711,-0.032824,0.547604,0.647761,-0.040892,0.525206,0.606393,-0.046225,0.55028,0.60447,-0.007445,0.565273,0.529434,-0.019686,0.57078,0.483924,-0.027356,0.5709,0.446212,-0.032192,0.5188,0.60284,-0.008361,0.510123,0.510744,-0.025965,0.505235,0.459397,-0.036348,0.497655,0.422094,-0.040228,0.489742,0.622395,-0.012827,0.491932,0.563344,-0.043113,0.510457,0.611939,-0.045559,0.518099,0.650545,-0.036983,0.464866,0.652275,-0.019182,0.474275,0.610153,-0.0446,0.490651,0.641893,-0.043637,0.496843,0.672641,-0.035855
two,0.504754,0.820265,0.0,0.54593,0.785972,-0.026338,0.56526,0.725765,-0.037362,0.551104,0.671664,-0.048318,0.524423,0.63218,-0.057022,0.561862,0.616964,-0.013706,0.582756,0.54249,-0.030187,0.592263,0.494661,-0.041244,0.59717,0.453935,-0.047968,0.528146,0.61204,-0.015748,0.524705,0.518216,-0.036085,0.52395,0.461903,-0.048284,0.521368,0.418042,-0.053414,0.496032,0.632184,-0.021137,0.49882,0.582543,-0.053681,0.513459,0.634354,-0.056152,0.518606,0.674651,-0.047105,0.467588,0.6657,-0.028547,0.474906,0.624802,-0.054263,0.490354,0.659901,-0.050957,0.496419,0.69318,-0.041165
two,0.502069,0.824708,1e-06,0.543434,0.793076,-0.027486,0.564318,0.732986,-0.039682,0.550735,0.678743,-0.051928,0.524168,0.637797,-0.061954,0.562975,0.624609,-0.017126,0.586522,0.54961,-0.036655,0.598593,0.501314,-0.049279,0.605742,0.458785,-0.056895,0.529296,0.6177,-0.019731,0.528775,0.521304,-0.04336,0.529881,0.463373,-0.056976,0.528994,0.417065,-0.062708,0.496087,0.636396,-0.025751,0.499385,0.588361,-0.061488,0.512711,0.643704,-0.064277,0.517239,0.68525,-0.05471,0.46635,0.668655,-0.033897,0.474852,0.634123,-0.061733,0.4895,0.67193,-0.059126,0.494998,0.705036,-0.049492
two,0.498686,0.831527,1e-06,0.540975,0.802103,-0.029117,0.562873,0.745173,-0.043228,0.549274,0.696913,-0.057408,0.524223,0.657749,-0.069253,0.561642,0.628931,-0.020045,0.586832,0.551809,-0.041625,0.599925,0.500873,-0.055676,0.608192,0.456259,-0.064069,0.526268,0.622968,-0.023441,0.52373,0.522598,-0.049927,0.523356,0.461542,-0.065866,0.522071,0.411383,-0.072612,0.492414,0.643314,-0.030191,0.496758,0.596901,-0.069554,0.508805,0.655924,-0.073387,0.512428,0.698301,-0.063296,0.462645,0.677788,-0.03905,0.472094,0.644555,-0.069347,0.486432,0.684998,-0.066601,0.491577,0.718011,-0.056016
two,0.501411,0.837743,1e-06,0.545872,0.805438,-0.029052,0.567516,0.744023,-0.042613,0.553536,0.692919,-0.056552,0.526146,0.653099,-0.068241,0.564154,0.622901,-0.018911,0.58871,0.543295,-0.040556,0.601557,0.491132,-0.054725,0.609185,0.444982,-0.063302,0.526752,0.617483,-0.023025,0.522003,0.513175,-0.04996,0.520636,0.450395,-0.066128,0.518033,0.398739,-0.07294,0.491305,0.640315,-0.03061,0.49586,0.592976,-0.071395,0.509979,0.654756,-0.075593,0.514661,0.698899,-0.06533,0.460201,0.678139,-0.040286,0.470627,0.643006,-0.071764,0.486508,0.684709,-0.068985,0.492612,0.719312,-0.05819
two,0.49524,0.839685,1e-06,0.54286,0.803999,-0.03216,0.567046,0.741347,-0.047696,0.550684,0.684212,-0.063274,0.522764,0.636419,-0.076056,0.565032,0.607767,-0.019789,0.594801,0.521607,-0.04234,0.609763,0.465262,-0.056975,0.618651,0.417339,-0.065535,0.52476,0.602554,-0.023131,0.519376,0.490728,-0.051057,0.517708,0.422867,-0.068007,0.514628,0.367255,-0.074855,0.486723,0.62701,-0.030306,0.489699,0.574074,-0.07338,0.505844,0.638437,-0.078037,0.51149,0.684334,-0.066949,0.453478,0.667601,-0.039695,0.463061,0.62915,-0.073379,0.48082,0.672424,-0.07075,0.488021,0.708213,-0.058997
two,0.498066,0.835285,1e-06,0.545536,0.801169,-0.035774,0.57068,0.737266,-0.053172,0.553352,0.676795,-0.070215,0.522213,0.628371,-0.08437,0.569305,0.603262,-0.024987,0.598701,0.513667,-0.050728,0.61285,0.455588,-0.067017,0.621926,0.404698,-0.076564,0.527396,0.596156,-0.027523,0.522589,0.481092,-0.05873,0.520644,0.410596,-0.076979,0.518443,0.352331,-0.084506,0.487908,0.619542,-0.034128,0.491471,0.567382,-0.080286,0.505684,0.634724,-0.085654,0.511075,0.683409,-0.074597,0.454023,0.65879,-0.043321,0.464213,0.626774,-0.079584,0.480548,0.672956,-0.07822,0.487658,0.710198,-0.067041
two,0.495022,0.837197,1e-06,0.544555,0.80217,-0.034905,0.571001,0.736633,-0.051578,0.553771,0.676744,-0.068081,0.52471,0.627763,-0.081552,0.569495,0.598152,-0.022577,0.599808,0.506238,-0.047539,0.614721,0.446815,-0.063775,0.624487,0.395099,-0.073522,0.527264,0.590945,-0.025681,0.523043,0.473639,-0.056475,0.521635,0.401515,-0.075492,0.519907,0.341907,-0.083682,0.487393,0.61445,-0.032791,0.492772,0.557221,-0.079249,0.506501,0.625981,-0.084641,0.510898,0.6759,-0.073455,0.45321,0.65487,-0.042381,0.465392,0.619668,-0.079817,0.481376,0.667508,-0.078493,0.487422,0.706387,-0.066961
two,0.494246,0.813154,1e-06,0.541466,0.778869,-0.031032,0.567186,0.714446,-0.045542,0.552222,0.654468,-0.060313,0.523692,0.608515,-0.072385,0.564593,0.592001,-0.021124,0.592325,0.505126,-0.044019,0.605354,0.450276,-0.058026,0.613055,0.40159,-0.066584,0.525521,0.585914,-0.024518,0.523012,0.475602,-0.052963,0.522746,0.410179,-0.069239,0.520888,0.356331,-0.076418,0.488244,0.607905,-0.0316,0.493454,0.553024,-0.073695,0.510275,0.616988,-0.077775,0.516674,0.663582,-0.06761,0.456253,0.644713,-0.041082,0.469346,0.61267,-0.074201,0.486798,0.655604,-0.073127,0.493794,0.691055,-0.063559
two,0.498567,0.77885,0.0,0.540884,0.747346,-0.025636,0.564781,0.68804,-0.036499,0.554468,0.632752,-0.047435,0.52928,0.592405,-0.05626,0.559274,0.589718,-0.015622,0.583721,0.515759,-0.032064,0.595279,0.469299,-0.042134,0.602073,0.428796,-0.048337,0.527157,0.583431,-0.017649,0.526042,0.487861,-0.038601,0.526994,0.432716,-0.050453,0.525113,0.389578,-0.055595,0.496239,0.600378,-0.022751,0.503195,0.548189,-0.055721,0.518572,0.600557,-0.058321,0.523063,0.639985,-0.049741,0.469534,0.629309,-0.029757,0.482905,0.590456,-0.055318,0.497471,0.6259,-0.05302,0.501149,0.657997,-0.044549
two,0.496764,0.766052,0.0,0.534153,0.729052,-0.011281,0.559916,0.673961,-0.017765,0.568707,0.628368,-0.02706,0.55434,0.59528,-0.034275,0.536631,0.600119,-0.003272,0.554975,0.531492,-0.016309,0.565387,0.492571,-0.023736,0.570693,0.459376,-0.027568,0.513478,0.59614,-0.010383,0.519422,0.505436,-0.029124,0.52666,0.456174,-0.039253,0.528824,0.417468,-0.042664,0.490948,0.606633,-0.019572,0.524001,0.561577,-0.047878,0.539137,0.60703,-0.048949,0.539491,0.639565,-0.039904,0.473288,0.626533,-0.029651,0.507011,0.595992,-0.049072,0.52334,0.628695,-0.045478,0.526182,0.658682,-0.036844
two,0.455438,0.760773,0.0,0.458957,0.689598,0.018835,0.480427,0.633792,0.018062,0.512839,0.610194,0.009733,0.541484,0.602196,0.002589,0.472504,0.588712,0.010028,0.491189,0.520006,0.000395,0.498454,0.476724,-0.004595,0.500916,0.441068,-0.008191,0.487068,0.59373,-0.010603,0.522692,0.519099,-0.026445,0.541601,0.474624,-0.036945,0.554815,0.435895,-0.042691,0.501544,0.614305,-0.029145,0.562596,0.588997,-0.040313,0.558369,0.624228,-0.0313,0.544157,0.639456,-0.021452,0.51995,0.645782,-0.04711,0.567584,0.633157,-0.047272,0.561823,0.661953,-0.033619,0.546938,0.675119,-0.021958
two,0.477644,0.780206,0.0,0.45502,0.707657,0.015942,0.465386,0.655231,0.019206,0.490246,0.630257,0.018569,0.516053,0.627729,0.018004,0.472738,0.606683,0.003498,0.476675,0.53172,-0.00144,0.477946,0.485313,-0.003201,0.48088,0.450367,-0.002901,0.504568,0.61274,-0.005357,0.527399,0.540404,-0.006332,0.541585,0.495318,-0.006855,0.554086,0.465375,-0.006538,0.532285,0.633252,-0.011599,0.541696,0.608033,-0.005053,0.529623,0.620938,0.001924,0.518989,0.639243,0.00717,0.553858,0.66005,-0.017468,0.552206,0.648284,-0.007237,0.541987,0.66079,0.003311,0.53529,0.677989,0.011966
two,0.496656,0.788635,0.0,0.465443,0.721897,0.01487,0.470286,0.671172,0.015005,0.492408,0.639198,0.011514,0.517911,0.629449,0.007915,0.476056,0.621252,-0.0048,0.474238,0.541836,-0.013364,0.472888,0.493416,-0.017683,0.47438,0.456499,-0.018976,0.508642,0.622508,-0.013027,0.52478,0.544708,-0.017777,0.535661,0.495155,-0.020339,0.545764,0.462201,-0.0213,0.538506,0.638595,-0.017865,0.53987,0.6117,-0.011655,0.529013,0.624837,-0.002959,0.520672,0.644717,0.003445,0.562215,0.662163,-0.022461,0.554872,0.65047,-0.010656,0.544722,0.66339,0.00207,0.539231,0.681901,0.012332
two,0.497071,0.791449,0.0,0.467174,0.72365,0.019731,0.472826,0.671839,0.022537,0.494551,0.638029,0.021342,0.519611,0.628214,0.020189,0.476657,0.625094,0.000195,0.47399,0.545988,-0.007682,0.470711,0.496725,-0.012487,0.470348,0.459591,-0.014473,0.50841,0.626373,-0.00906,0.526126,0.546139,-0.013305,0.536659,0.495175,-0.016092,0.545926,0.460728,-0.017626,0.537572,0.641984,-0.014334,0.543642,0.608394,-0.005369,0.532444,0.620218,0.006071,0.523728,0.63953,0.013563,0.561036,0.665387,-0.019143,0.557337,0.64948,-0.004505,0.547567,0.661811,0.010295,0.543032,0.678768,0.021503
two,0.499132,0.791438,0.0,0.545935,0.74161,0.011489,0.565157,0.691081,0.008371,0.580996,0.656112,-0.003155,0.587764,0.624871,-0.01231,0.513994,0.615284,0.017697,0.518363,0.561014,0.008933,0.518418,0.519046,0.002734,0.515238,0.484797,-0.002639,0.505503,0.614264,-0.001795,0.521958,0.542499,-0.019384,0.533325,0.494093,-0.029802,0.539844,0.451883,-0.03489,0.502636,0.627826,-0.02175,0.564631,0.590587,-0.039439,0.5729,0.633407,-0.03427,0.563857,0.659235,-0.025723,0.514478,0.65182,-0.041972,0.569668,0.631464,-0.050586,0.576046,0.662524,-0.043716,0.567628,0.684021,-0.036189
two,0.483623,0.77998,0.0,0.522546,0.747335,-0.018451,0.542745,0.686754,-0.023227,0.536467,0.62957,-0.02874,0.517624,0.589707,-0.032544,0.535754,0.612303,-5e-06,0.554855,0.547983,-0.00833,0.564369,0.509573,-0.014312,0.569056,0.475635,-0.01873,0.509368,0.604998,-0.002059,0.509216,0.522368,-0.01489,0.508527,0.474362,-0.0237,0.504066,0.437761,-0.02793,0.483827,0.616383,-0.007274,0.48872,0.557355,-0.033098,0.505754,0.595156,-0.037719,0.512797,0.630384,-0.032665,0.460144,0.637836,-0.013774,0.471854,0.594198,-0.037546,0.488263,0.622621,-0.039308,0.495577,0.654961,-0.034604
two,0.46607,0.786976,0.0,0.504106,0.758594,-0.028044,0.52338,0.706011,-0.040395,0.508626,0.654531,-0.052072,0.483662,0.615832,-0.061428,0.526477,0.606153,-0.015544,0.550104,0.538119,-0.032569,0.561853,0.493682,-0.044036,0.569713,0.455848,-0.051156,0.494822,0.598583,-0.016002,0.493493,0.514228,-0.037236,0.493941,0.461039,-0.050666,0.493098,0.419169,-0.056663,0.464098,0.614028,-0.019874,0.465067,0.574269,-0.051908,0.475613,0.621936,-0.05596,0.479023,0.65782,-0.04843,0.436842,0.64146,-0.025898,0.441672,0.608512,-0.050724,0.4531,0.640897,-0.049042,0.457429,0.669976,-0.040841
two,0.472233,0.793502,0.0,0.510247,0.765253,-0.026717,0.530185,0.712228,-0.038302,0.521079,0.660505,-0.049633,0.498659,0.619443,-0.058688,0.533539,0.611301,-0.015324,0.55689,0.54448,-0.03232,0.568884,0.501166,-0.043399,0.576394,0.46333,-0.050301,0.50169,0.603167,-0.016758,0.500796,0.517565,-0.037857,0.501057,0.466005,-0.050372,0.49963,0.424748,-0.055696,0.470541,0.618865,-0.021568,0.472609,0.57718,-0.054075,0.484539,0.627987,-0.057767,0.489154,0.66561,-0.049894,0.44301,0.647102,-0.028482,0.450525,0.6176,-0.053983,0.463498,0.650253,-0.053052,0.468996,0.678313,-0.04541
two,0.455347,0.826015,-0.0,0.50724,0.781917,-0.00489,0.535884,0.720714,-0.005925,0.547012,0.664974,-0.01133,0.562275,0.624077,-0.014455,0.509144,0.661408,0.01479,0.521528,0.608599,-0.008059,0.520088,0.654714,-0.021629,0.511144,0.695327,-0.025079,0.483278,0.663224,0.009136,0.49701,0.619653,-0.016061,0.495218,0.677708,-0.024445,0.48744,0.713682,-0.022431,0.456262,0.670671,-0.000618,0.471818,0.633828,-0.025317,0.470023,0.690067,-0.020545,0.461601,0.720585,-0.008933,0.425627,0.683466,-0.010848,0.445098,0.650133,-0.022957,0.448419,0.688692,-0.013607,0.441643,0.712649,-0.001791
two,0.836126,0.879629,0.0,0.789827,0.832243,-0.021056,0.774814,0.752303,-0.031996,0.795506,0.683939,-0.044602,0.803668,0.630895,-0.056612,0.797291,0.644667,-0.014147,0.783365,0.557896,-0.035967,0.776882,0.499688,-0.052267,0.772104,0.450549,-0.063955,0.841063,0.644222,-0.020836,0.851606,0.552593,-0.044625,0.850917,0.509801,-0.058137,0.85059,0.479623,-0.065378,0.88063,0.667143,-0.03129,0.878323,0.596078,-0.065158,0.858497,0.645548,-0.067794,0.851977,0.692101,-0.061639,0.916282,0.706594,-0.043583,0.905522,0.659227,-0.070121,0.882331,0.692942,-0.068951,0.87238,0.729706,-0.062837
two,0.789295,0.655312,0.0,0.742296,0.604778,-0.011766,0.727019,0.528197,-0.014447,0.746166,0.462039,-0.020694,0.771827,0.420963,-0.025477,0.729204,0.470661,0.012199,0.712524,0.398197,0.003166,0.704683,0.352804,-0.004257,0.700328,0.313833,-0.009912,0.761864,0.463254,0.006681,0.763783,0.379541,-0.006226,0.763983,0.331293,-0.017618,0.76991,0.293049,-0.024155,0.793161,0.474247,-0.002351,0.798136,0.408085,-0.025277,0.781404,0.45417,-0.02809,0.774357,0.496547,-0.02264,0.822931,0.494894,-0.012645,0.822789,0.44319,-0.02939,0.809469,0.469632,-0.027184,0.802688,0.501248,-0.021212
two,0.769103,0.647125,0.0,0.726264,0.60376,-0.016191,0.71487,0.532147,-0.022669,0.741276,0.473804,-0.031484,0.768675,0.437029,-0.039019,0.716924,0.464453,-0.001723,0.70247,0.390037,-0.015956,0.696016,0.341885,-0.026056,0.692867,0.30118,-0.032962,0.75089,0.459368,-0.006396,0.755394,0.373643,-0.023277,0.759139,0.320743,-0.035078,0.766222,0.277885,-0.04148,0.781805,0.474017,-0.01438,0.789943,0.416453,-0.040591,0.774892,0.464858,-0.041788,0.765964,0.505071,-0.034703,0.809953,0.500116,-0.023961,0.815122,0.455332,-0.043439,0.800584,0.486998,-0.040219,0.789705,0.518976,-0.033067
two,0.71005,0.652077,0.0,0.669744,0.6066,-0.014517,0.658582,0.540225,-0.022548,0.68239,0.487277,-0.033462,0.707208,0.45291,-0.043337,0.662035,0.469341,-0.003486,0.644251,0.398559,-0.019297,0.635519,0.351754,-0.030183,0.630676,0.313589,-0.036838,0.693406,0.464378,-0.009769,0.698952,0.378813,-0.027531,0.701061,0.327049,-0.039879,0.707703,0.286019,-0.045727,0.721991,0.47977,-0.019,0.726872,0.426612,-0.043509,0.713274,0.468791,-0.044742,0.707632,0.502777,-0.037552,0.748172,0.507607,-0.029664,0.750051,0.46004,-0.044132,0.735345,0.485745,-0.038053,0.725202,0.513695,-0.02925
two,0.687076,0.66027,0.0,0.645469,0.617969,-0.0166,0.633472,0.55218,-0.025771,0.659624,0.49786,-0.037579,0.686283,0.462504,-0.048529,0.634633,0.474287,-0.00576,0.617437,0.400358,-0.021513,0.60923,0.354275,-0.032378,0.604,0.315762,-0.039706,0.667814,0.468935,-0.011631,0.673969,0.378921,-0.028931,0.676239,0.326238,-0.041332,0.682222,0.284806,-0.047994,0.697528,0.485748,-0.020526,0.700426,0.423785,-0.045004,0.685548,0.471425,-0.045416,0.679774,0.508612,-0.038464,0.724475,0.515954,-0.031098,0.721087,0.47336,-0.047228,0.706887,0.503908,-0.04192,0.699616,0.531699,-0.033908
two,0.675924,0.658176,0.0,0.635788,0.616944,-0.015892,0.62486,0.5501,-0.024689,0.651128,0.49718,-0.036145,0.677601,0.462365,-0.046747,0.62665,0.473873,-0.006135,0.609226,0.39973,-0.021273,0.60078,0.35417,-0.031477,0.595657,0.316337,-0.038423,0.659519,0.469124,-0.012041,0.666659,0.379967,-0.029016,0.668945,0.327587,-0.041384,0.674734,0.286047,-0.048208,0.68852,0.485843,-0.020713,0.693244,0.4244,-0.04446,0.676964,0.471591,-0.044766,0.669665,0.508364,-0.038125,0.714469,0.515751,-0.030997,0.711981,0.474858,-0.046837,0.697164,0.505614,-0.041709,0.689166,0.533411,-0.034018
two,0.679121,0.657151,0.0,0.638674,0.618238,-0.013965,0.624116,0.552737,-0.022508,0.646156,0.498507,-0.034305,0.673196,0.465948,-0.045478,0.63078,0.475698,-0.005809,0.613849,0.400943,-0.021585,0.605092,0.355704,-0.032288,0.599527,0.317401,-0.039714,0.6627,0.470852,-0.0129,0.66912,0.379472,-0.030998,0.671219,0.325705,-0.043747,0.677129,0.282498,-0.050906,0.69119,0.486404,-0.022508,0.692143,0.422902,-0.047063,0.675856,0.468859,-0.047176,0.669671,0.506895,-0.040305,0.716837,0.514374,-0.033615,0.710849,0.47099,-0.05019,0.695502,0.500354,-0.045132,0.688256,0.529685,-0.037464
two,0.706841,0.652245,1e-06,0.649242,0.61303,-0.006071,0.622126,0.556865,-0.018591,0.603928,0.51575,-0.036468,0.610513,0.48826,-0.052728,0.662463,0.462401,-0.009923,0.639603,0.389127,-0.031145,0.630735,0.34218,-0.044169,0.62854,0.304049,-0.052866,0.687321,0.465585,-0.024189,0.667072,0.373063,-0.053589,0.658479,0.313761,-0.072212,0.658797,0.26662,-0.081485,0.702053,0.48565,-0.039142,0.640404,0.443915,-0.067758,0.624026,0.487691,-0.062277,0.627566,0.515031,-0.050222,0.704337,0.515521,-0.055461,0.646641,0.489742,-0.072013,0.635925,0.521575,-0.063681,0.641814,0.54422,-0.05263
two,0.71396,0.645049,0.0,0.714456,0.5705,0.024048,0.69616,0.514994,0.024528,0.661116,0.490406,0.017621,0.631177,0.487177,0.010161,0.701183,0.468792,0.003122,0.678445,0.394932,-0.00851,0.672993,0.349417,-0.014668,0.669729,0.311682,-0.017824,0.684831,0.478059,-0.016603,0.651032,0.391457,-0.029182,0.635357,0.335605,-0.03594,0.624999,0.29254,-0.040211,0.665773,0.501254,-0.033067,0.607198,0.457517,-0.038299,0.604479,0.486024,-0.028262,0.61423,0.504524,-0.01913,0.64699,0.531026,-0.048226,0.598688,0.500262,-0.045432,0.601336,0.515128,-0.033238,0.614427,0.522984,-0.023249
two,0.69866,0.658943,0.0,0.715974,0.579586,0.025079,0.702888,0.523366,0.031907,0.6738,0.496762,0.032353,0.64703,0.493964,0.031183,0.700912,0.48278,0.012843,0.690915,0.396478,0.009242,0.687184,0.346323,0.008168,0.684836,0.308243,0.009836,0.668295,0.486419,-0.000308,0.643851,0.396673,-0.001093,0.62781,0.3423,-0.001575,0.615664,0.304568,-0.000692,0.638825,0.505553,-0.010147,0.614805,0.470737,-0.00375,0.624615,0.492061,0.004278,0.6343,0.513098,0.01146,0.614036,0.535197,-0.01839,0.60052,0.509574,-0.004151,0.609771,0.527653,0.01152,0.619348,0.546557,0.023977
two,0.681663,0.659062,1e-06,0.705748,0.58283,0.014387,0.694921,0.524153,0.017292,0.664906,0.497418,0.016155,0.638173,0.49236,0.013119,0.690954,0.486697,0.000323,0.688358,0.399254,-0.006829,0.68643,0.348347,-0.01145,0.68323,0.309074,-0.012242,0.655655,0.489345,-0.007649,0.638842,0.39968,-0.008321,0.625349,0.344667,-0.009897,0.612023,0.304259,-0.010673,0.624806,0.506857,-0.013033,0.610127,0.467776,-0.008351,0.622438,0.486031,-0.003533,0.631116,0.508972,0.001286,0.599675,0.532277,-0.017516,0.595272,0.501799,-0.006676,0.607022,0.515958,0.005776,0.616297,0.535391,0.016045
two,0.678041,0.666658,1e-06,0.709196,0.591896,0.011316,0.699337,0.531713,0.013339,0.668328,0.500289,0.01204,0.640906,0.492947,0.009152,0.692252,0.488261,-0.001622,0.694373,0.397514,-0.008018,0.693849,0.345003,-0.01251,0.690778,0.304774,-0.013587,0.655975,0.489568,-0.007684,0.642643,0.396903,-0.00759,0.630745,0.339805,-0.009356,0.618565,0.297523,-0.010549,0.624356,0.507272,-0.011253,0.616904,0.466503,-0.006039,0.630186,0.48606,-0.001475,0.638313,0.511199,0.003024,0.599038,0.533072,-0.014162,0.599863,0.502427,-0.003886,0.612077,0.518067,0.00776,0.620361,0.539531,0.017568
two,0.676557,0.673503,1e-06,0.709244,0.599354,0.010711,0.700256,0.536067,0.013235,0.668768,0.502121,0.012829,0.641353,0.493829,0.01108,0.689783,0.489829,-0.002332,0.692936,0.39804,-0.008103,0.692582,0.344889,-0.011694,0.689809,0.303918,-0.012043,0.651877,0.490881,-0.0078,0.639953,0.39724,-0.007445,0.628882,0.339387,-0.008469,0.617623,0.297353,-0.00888,0.619942,0.508678,-0.010709,0.617745,0.468887,-0.005127,0.630775,0.488745,-7.9e-05,0.637854,0.514428,0.004924,0.595082,0.534477,-0.013063,0.599871,0.505957,-0.001894,0.611524,0.522826,0.010286,0.618505,0.5451,0.020531
two,0.671894,0.669624,1e-06,0.706319,0.593013,0.007627,0.697549,0.530362,0.008193,0.665151,0.497322,0.006685,0.635987,0.489328,0.003987,0.687239,0.487777,-0.006404,0.691115,0.394076,-0.01225,0.691452,0.342019,-0.015707,0.688803,0.301064,-0.016077,0.648419,0.488688,-0.010752,0.638306,0.392722,-0.010855,0.627441,0.33551,-0.012201,0.615824,0.293459,-0.013042,0.616273,0.50539,-0.012619,0.617872,0.458333,-0.008191,0.63242,0.477434,-0.003751,0.639581,0.503752,0.000789,0.592144,0.528942,-0.013966,0.599712,0.491552,-0.003855,0.612891,0.506073,0.008148,0.620174,0.528593,0.01817
two,0.677837,0.675847,1e-06,0.710995,0.601781,0.015033,0.704741,0.535083,0.016856,0.673619,0.495032,0.015149,0.644045,0.482393,0.011603,0.70336,0.49497,-0.006338,0.707757,0.397545,-0.015354,0.709859,0.340988,-0.020333,0.710302,0.297024,-0.021184,0.667606,0.493447,-0.015064,0.65724,0.387672,-0.01768,0.64811,0.324176,-0.01838,0.637474,0.278351,-0.018503,0.634428,0.507575,-0.020425,0.619169,0.451234,-0.016742,0.631373,0.47073,-0.008146,0.639496,0.496248,-0.000694,0.606221,0.531156,-0.024718,0.599637,0.485238,-0.014009,0.610417,0.501829,0.00187,0.617731,0.524009,0.014633
two,0.650699,0.666501,0.0,0.618155,0.600847,0.001881,0.619118,0.539643,-0.003002,0.620393,0.499241,-0.014825,0.633636,0.470903,-0.026019,0.67891,0.489461,0.011417,0.680892,0.419778,-0.003631,0.685684,0.375815,-0.013231,0.695056,0.341357,-0.019037,0.699308,0.49525,-0.005166,0.706253,0.40629,-0.027322,0.70975,0.350453,-0.040938,0.718364,0.30518,-0.045874,0.711181,0.512103,-0.023313,0.670106,0.44997,-0.052897,0.646074,0.48994,-0.050915,0.643956,0.519857,-0.039317,0.709869,0.537419,-0.04158,0.667728,0.48205,-0.06092,0.648765,0.515486,-0.052871,0.647971,0.546265,-0.040762
two,0.646668,0.687939,0.0,0.61062,0.64077,-0.011992,0.60275,0.574279,-0.018272,0.618373,0.515901,-0.028834,0.645839,0.483377,-0.037861,0.625394,0.521017,0.004656,0.615179,0.447063,-0.007367,0.614084,0.405317,-0.014439,0.616922,0.370332,-0.018753,0.653164,0.519389,-0.000708,0.667321,0.432286,-0.016652,0.674013,0.386752,-0.026059,0.684961,0.353148,-0.02994,0.676937,0.531826,-0.00917,0.677948,0.462233,-0.032456,0.652148,0.50134,-0.031407,0.640506,0.541396,-0.022471,0.699877,0.550987,-0.019136,0.698677,0.495092,-0.033271,0.677741,0.511024,-0.028942,0.663941,0.538725,-0.02154
two,0.673029,0.680801,0.0,0.630389,0.642581,-0.012383,0.615057,0.573939,-0.01832,0.633468,0.511886,-0.027629,0.658385,0.47228,-0.035527,0.623026,0.51004,0.001042,0.603203,0.437212,-0.011248,0.593704,0.392151,-0.019271,0.58849,0.354798,-0.024637,0.652901,0.50219,-0.004607,0.652184,0.411914,-0.019527,0.650081,0.361628,-0.029506,0.654573,0.324164,-0.034552,0.680814,0.512314,-0.013,0.678671,0.44539,-0.035192,0.660859,0.488418,-0.034569,0.654554,0.529824,-0.026891,0.707637,0.531247,-0.022833,0.702883,0.479566,-0.037767,0.686674,0.502987,-0.033135,0.677567,0.534569,-0.025547
two,0.707292,0.672316,0.0,0.656414,0.639798,-0.013975,0.629606,0.578329,-0.019711,0.642515,0.514579,-0.028469,0.663983,0.472839,-0.036134,0.620612,0.513373,0.001334,0.589816,0.443542,-0.012146,0.572286,0.399341,-0.021222,0.558896,0.36127,-0.026573,0.650301,0.495805,-0.003414,0.632638,0.410007,-0.01775,0.6218,0.360193,-0.026764,0.616977,0.319416,-0.030482,0.681745,0.497038,-0.011489,0.67162,0.438026,-0.035271,0.667036,0.480515,-0.037299,0.669534,0.519594,-0.03018,0.712627,0.51002,-0.020957,0.704963,0.459307,-0.035829,0.695747,0.48761,-0.031382,0.692372,0.521842,-0.023478
two,0.734437,0.647681,0.0,0.684846,0.64282,-0.022625,0.646344,0.614409,-0.035518,0.642259,0.550248,-0.049198,0.654209,0.497729,-0.061127,0.600663,0.546814,-0.010683,0.548508,0.502115,-0.028358,0.518764,0.474166,-0.04108,0.493886,0.448404,-0.049202,0.622926,0.511233,-0.013363,0.576264,0.44476,-0.030745,0.550008,0.405298,-0.042718,0.528208,0.367839,-0.048786,0.654867,0.49712,-0.019691,0.633137,0.457387,-0.046267,0.645691,0.499857,-0.049926,0.657262,0.532964,-0.043841,0.690838,0.497959,-0.028027,0.672234,0.46232,-0.045239,0.676195,0.493507,-0.04136,0.68358,0.52351,-0.033576
two,0.740186,0.633334,0.0,0.696747,0.643562,-0.0248,0.655107,0.618717,-0.037917,0.644248,0.556342,-0.051404,0.646238,0.504472,-0.063272,0.599203,0.564734,-0.017378,0.542253,0.532868,-0.035853,0.50827,0.512571,-0.048132,0.479917,0.493147,-0.056052,0.614832,0.524562,-0.01932,0.561001,0.471016,-0.038048,0.530155,0.437471,-0.050731,0.505566,0.40683,-0.057126,0.642363,0.503107,-0.024573,0.618402,0.468367,-0.050669,0.638993,0.501989,-0.054172,0.65564,0.52758,-0.048689,0.675938,0.494417,-0.032179,0.658745,0.46743,-0.049587,0.668679,0.495365,-0.046744,0.679644,0.519143,-0.040042
two,0.73805,0.63483,0.0,0.694466,0.640743,-0.024239,0.654215,0.613068,-0.037479,0.645634,0.551195,-0.05128,0.649215,0.50029,-0.063637,0.601631,0.559625,-0.017492,0.545503,0.524623,-0.036164,0.512141,0.502542,-0.048808,0.484168,0.481623,-0.057172,0.618141,0.521035,-0.019911,0.565508,0.465092,-0.038958,0.536077,0.43037,-0.052447,0.512241,0.398246,-0.059725,0.645773,0.501461,-0.025487,0.621168,0.462196,-0.052171,0.640691,0.496829,-0.056374,0.657107,0.524237,-0.051508,0.679507,0.494858,-0.033286,0.661905,0.463758,-0.051717,0.671262,0.49127,-0.049484,0.682501,0.516572,-0.043261
two,0.737442,0.639594,0.0,0.693043,0.644315,-0.023333,0.652505,0.615176,-0.036016,0.644369,0.553106,-0.049529,0.649437,0.502922,-0.061564,0.601894,0.55886,-0.015631,0.546812,0.522283,-0.033995,0.514284,0.499632,-0.046391,0.487076,0.478192,-0.054419,0.618868,0.52133,-0.018247,0.567336,0.464466,-0.037072,0.537667,0.42945,-0.049908,0.514464,0.397099,-0.056391,0.646927,0.502424,-0.024075,0.622318,0.465696,-0.049906,0.641549,0.502004,-0.052585,0.658086,0.529022,-0.046469,0.680862,0.496366,-0.032205,0.662001,0.46625,-0.049415,0.67077,0.49536,-0.045838,0.681896,0.520384,-0.038532
two,0.718324,0.693111,0.0,0.664766,0.666317,-0.010747,0.633677,0.614534,-0.017028,0.636209,0.552587,-0.027365,0.651929,0.513361,-0.03713,0.612999,0.547195,0.001968,0.574122,0.485548,-0.01077,0.552149,0.450951,-0.021038,0.53434,0.419746,-0.028102,0.638736,0.524718,-0.005012,0.610731,0.446441,-0.017977,0.59378,0.40218,-0.029431,0.583305,0.361023,-0.036765,0.668664,0.521396,-0.014866,0.651403,0.470623,-0.034492,0.650661,0.516,-0.038871,0.657832,0.553063,-0.035833,0.700175,0.53214,-0.026253,0.686152,0.486709,-0.03815,0.678936,0.51382,-0.035913,0.680113,0.54573,-0.031347
two,0.694438,0.712896,0.0,0.647369,0.675768,-0.009081,0.629385,0.609876,-0.013881,0.64372,0.547498,-0.022985,0.661427,0.506045,-0.031454,0.630369,0.542593,0.003848,0.605056,0.471535,-0.009046,0.591639,0.428032,-0.018439,0.582273,0.390059,-0.025089,0.659699,0.529861,-0.003718,0.652326,0.439822,-0.019422,0.646905,0.38881,-0.03115,0.647586,0.347323,-0.037918,0.688256,0.535909,-0.013745,0.679522,0.468977,-0.035814,0.66788,0.51607,-0.035339,0.665841,0.556775,-0.028426,0.716515,0.552886,-0.025043,0.705726,0.503184,-0.039579,0.693807,0.532924,-0.034331,0.688979,0.566017,-0.026789
two,0.681666,0.711166,0.0,0.637074,0.668699,-0.009315,0.621781,0.60166,-0.014832,0.641553,0.54068,-0.024531,0.668498,0.504073,-0.033435,0.628713,0.534181,0.002127,0.610379,0.45728,-0.010735,0.601235,0.411725,-0.020649,0.59545,0.37199,-0.028139,0.659845,0.5258,-0.00551,0.66042,0.433371,-0.020516,0.660399,0.379709,-0.032101,0.66616,0.33626,-0.039525,0.688146,0.536281,-0.015538,0.6876,0.468417,-0.035704,0.67155,0.513274,-0.034025,0.66603,0.554578,-0.027086,0.715013,0.556578,-0.027115,0.710168,0.504712,-0.040435,0.695558,0.53057,-0.034851,0.688391,0.562481,-0.027574
two,0.684454,0.707886,0.0,0.640559,0.65981,-0.004345,0.626941,0.594419,-0.00933,0.64642,0.535129,-0.019793,0.675345,0.503596,-0.029813,0.636462,0.52919,0.003017,0.620037,0.448276,-0.010351,0.612076,0.40214,-0.020939,0.607482,0.361744,-0.029324,0.667465,0.521568,-0.007379,0.669517,0.427684,-0.023385,0.670073,0.373138,-0.035641,0.676734,0.328554,-0.043947,0.695331,0.532469,-0.019438,0.695324,0.461981,-0.037431,0.677182,0.509551,-0.031914,0.670458,0.552319,-0.023144,0.72214,0.553761,-0.033061,0.718299,0.499162,-0.04416,0.70247,0.524228,-0.036252,0.694383,0.555527,-0.027709
two,0.680395,0.705436,0.0,0.639263,0.663373,-0.00644,0.620735,0.599831,-0.013248,0.623161,0.544375,-0.025668,0.646472,0.508749,-0.037321,0.651649,0.53457,0.001951,0.635655,0.454326,-0.011721,0.628229,0.411454,-0.018972,0.625927,0.374314,-0.023136,0.67729,0.532403,-0.00907,0.679581,0.430028,-0.028418,0.679343,0.373872,-0.039674,0.684569,0.329568,-0.043927,0.700859,0.545305,-0.022155,0.67859,0.478879,-0.050253,0.656398,0.526545,-0.049736,0.650616,0.567885,-0.039657,0.720796,0.565071,-0.035884,0.695652,0.509076,-0.054099,0.674753,0.537101,-0.048489,0.666833,0.569774,-0.039178
two,0.694987,0.699584,0.0,0.688623,0.626683,0.023502,0.666654,0.562232,0.024983,0.626981,0.52343,0.019348,0.596862,0.502313,0.01395,0.682719,0.520517,0.013472,0.661789,0.451868,0.006279,0.65673,0.411141,0.001964,0.654739,0.374434,-0.00096,0.673226,0.52797,-0.004956,0.639771,0.44849,-0.013291,0.627982,0.398898,-0.018148,0.621234,0.358047,-0.022214,0.657852,0.546622,-0.02106,0.59954,0.509472,-0.023842,0.600746,0.539242,-0.015368,0.613962,0.555043,-0.009046,0.639179,0.569936,-0.036092,0.589372,0.543672,-0.033308,0.593107,0.567658,-0.02358,0.606459,0.580169,-0.016599
two,0.677717,0.694147,0.0,0.688188,0.617109,0.029118,0.676265,0.565419,0.035748,0.651519,0.536362,0.035413,0.628214,0.529686,0.033665,0.674447,0.528042,0.013056,0.662146,0.451244,0.007191,0.65768,0.405476,0.003633,0.655367,0.369745,0.003071,0.647229,0.534391,-0.002747,0.623484,0.452375,-0.008738,0.60953,0.401331,-0.012439,0.599064,0.365985,-0.013851,0.621321,0.552928,-0.014376,0.594374,0.51219,-0.009524,0.604614,0.529695,0.001843,0.614617,0.546157,0.010961,0.600147,0.581092,-0.024237,0.581066,0.545894,-0.011053,0.591183,0.561977,0.006853,0.601433,0.578312,0.020946
two,0.66509,0.695098,0.0,0.686229,0.621287,0.020674,0.67562,0.568083,0.026599,0.650718,0.53537,0.028168,0.628688,0.524736,0.028502,0.670802,0.529363,0.004898,0.664669,0.447122,0.000367,0.65955,0.400322,-0.002278,0.654204,0.364596,-0.001996,0.637692,0.53258,-0.004148,0.619465,0.448377,-0.005307,0.608312,0.398049,-0.004728,0.59805,0.362489,-0.002986,0.608356,0.548224,-0.009666,0.59991,0.507463,-0.001265,0.611063,0.519642,0.008524,0.616923,0.53946,0.016429,0.585832,0.573249,-0.014125,0.587861,0.543599,0.001472,0.597536,0.556333,0.017434,0.603794,0.575689,0.030199
two,0.662977,0.700655,0.0,0.687153,0.624937,0.01797,0.67634,0.568545,0.02416,0.650762,0.533609,0.02682,0.628092,0.523117,0.028522,0.669719,0.528489,0.004506,0.666124,0.443951,0.001912,0.662092,0.397001,0.000252,0.65619,0.360602,0.000946,0.634807,0.532199,-0.002598,0.619121,0.44631,-0.001261,0.608766,0.395537,-0.000576,0.598499,0.360077,0.000761,0.605911,0.548137,-0.006341,0.605786,0.508422,0.003437,0.617826,0.519709,0.011323,0.6226,0.539826,0.017588,0.583948,0.571872,-0.009213,0.592465,0.541408,0.00689,0.602193,0.55356,0.021488,0.60763,0.573883,0.03299
two,0.659894,0.701193,0.0,0.685437,0.625826,0.021514,0.675316,0.572173,0.028665,0.649953,0.536044,0.032023,0.627544,0.524847,0.034348,0.667967,0.531319,0.00502,0.662907,0.446054,0.003416,0.65819,0.398956,0.002531,0.65209,0.362543,0.003543,0.63245,0.534858,-0.002592,0.615202,0.44767,-0.001434,0.604388,0.39736,-6.8e-05,0.593596,0.362394,0.001861,0.603494,0.55105,-0.006037,0.601144,0.509416,0.005728,0.613333,0.519713,0.016111,0.618118,0.539618,0.023724,0.582091,0.576008,-0.008348,0.588279,0.543039,0.01041,0.597802,0.554045,0.027282,0.603658,0.574651,0.04021
two,0.660772,0.702256,0.0,0.687757,0.629415,0.017273,0.677235,0.571935,0.023342,0.651448,0.5337,0.026361,0.628479,0.521477,0.028364,0.668468,0.532173,0.002167,0.663644,0.445642,0.000164,0.660158,0.398611,-0.000738,0.65506,0.362795,0.000598,0.633843,0.536654,-0.004118,0.617389,0.449112,-0.002674,0.606832,0.397255,-0.001725,0.596064,0.360839,-0.000233,0.605313,0.552297,-0.006801,0.603122,0.506687,0.002924,0.61527,0.516105,0.011135,0.620229,0.535802,0.017503,0.58442,0.575186,-0.008478,0.590607,0.539192,0.0075,0.600592,0.549424,0.02251,0.606061,0.569311,0.034262
two,0.664341,0.69954,0.0,0.691593,0.625858,0.01796,0.681851,0.57004,0.023972,0.656173,0.532356,0.027185,0.633361,0.519366,0.029457,0.67168,0.531325,0.00058,0.665411,0.446646,-0.000894,0.661007,0.400878,-0.001314,0.655323,0.365655,0.000166,0.636629,0.53638,-0.005235,0.618811,0.450282,-0.004153,0.607982,0.399547,-0.003174,0.597113,0.364135,-0.001661,0.608356,0.552437,-0.006913,0.606271,0.509878,0.004187,0.618477,0.517459,0.013445,0.623737,0.536281,0.020156,0.587719,0.575892,-0.007562,0.592755,0.541658,0.010233,0.602741,0.550332,0.026179,0.609235,0.569761,0.038353
two,0.670322,0.695918,0.0,0.695992,0.621111,0.013173,0.685219,0.563387,0.017476,0.658349,0.531897,0.019104,0.634271,0.523969,0.019508,0.67789,0.529868,8.9e-05,0.670631,0.446686,-0.00224,0.665498,0.401887,-0.003304,0.659077,0.367075,-0.002111,0.642355,0.535348,-0.005412,0.624941,0.450925,-0.003659,0.613004,0.40026,-0.003475,0.601489,0.364104,-0.002715,0.613503,0.551693,-0.00788,0.611554,0.507469,0.00013,0.624035,0.518035,0.006096,0.629755,0.538311,0.011153,0.592408,0.573695,-0.009551,0.598209,0.538915,0.004555,0.608516,0.548751,0.018069,0.614192,0.567913,0.028726
two,0.675743,0.695814,0.0,0.702976,0.623113,0.007666,0.691564,0.562947,0.0102,0.662288,0.532913,0.011091,0.635652,0.52684,0.011294,0.680597,0.527134,-0.00247,0.675516,0.442673,-0.003706,0.670463,0.397785,-0.003418,0.66353,0.362686,-0.001508,0.64481,0.532641,-0.006217,0.629909,0.448078,-0.0053,0.61795,0.396809,-0.005733,0.606175,0.359455,-0.005238,0.616396,0.549131,-0.007525,0.617978,0.502922,-0.003326,0.631752,0.515591,4.1e-05,0.638184,0.536972,0.004248,0.596628,0.569187,-0.008136,0.604527,0.531524,0.002212,0.616347,0.542302,0.01358,0.622451,0.562027,0.023158
two,0.632976,0.690022,0.0,0.603466,0.635594,-0.007394,0.602205,0.577217,-0.016688,0.605573,0.534285,-0.030806,0.62805,0.50964,-0.043948,0.656056,0.531366,-0.00136,0.656623,0.461813,-0.017938,0.658703,0.419401,-0.026989,0.665397,0.385802,-0.031506,0.67809,0.538001,-0.012803,0.693258,0.450827,-0.035707,0.699442,0.39681,-0.048999,0.707989,0.353139,-0.053015,0.69313,0.555773,-0.026074,0.660633,0.496325,-0.058307,0.634574,0.533096,-0.059331,0.627607,0.564991,-0.04847,0.69615,0.57811,-0.039613,0.661445,0.520878,-0.060573,0.63898,0.547294,-0.05448,0.632429,0.576987,-0.043273
two,0.651473,0.730168,0.0,0.60944,0.687739,-0.011529,0.594144,0.620748,-0.018147,0.609589,0.561839,-0.02893,0.634574,0.522094,-0.038224,0.613701,0.55605,0.002885,0.601237,0.476983,-0.011127,0.597824,0.431736,-0.02011,0.597794,0.392616,-0.026031,0.642528,0.551111,-0.004248,0.648112,0.457994,-0.022049,0.652205,0.405675,-0.033674,0.660468,0.365434,-0.039336,0.668641,0.56315,-0.014338,0.664105,0.495373,-0.039542,0.644214,0.538159,-0.03924,0.635342,0.57896,-0.030784,0.694708,0.583471,-0.025856,0.688067,0.528445,-0.043214,0.670274,0.550495,-0.03909,0.658623,0.581405,-0.031283
two,0.681246,0.735645,0.0,0.638736,0.695065,-0.010502,0.623675,0.628427,-0.018521,0.645056,0.572002,-0.030638,0.67487,0.542927,-0.041995,0.63341,0.546054,-0.006278,0.618943,0.464901,-0.022589,0.612631,0.416942,-0.034565,0.609238,0.376226,-0.043032,0.666103,0.541124,-0.014957,0.669139,0.445746,-0.032472,0.67004,0.389539,-0.044956,0.675576,0.344631,-0.052857,0.695106,0.556116,-0.025675,0.695637,0.492098,-0.047138,0.678515,0.536827,-0.04514,0.670529,0.577726,-0.037844,0.7219,0.582745,-0.038077,0.721541,0.528679,-0.051987,0.704104,0.554154,-0.045699,0.691834,0.587129,-0.037798
two,0.681716,0.729173,0.0,0.63882,0.695354,-0.016813,0.619743,0.632145,-0.02709,0.640977,0.57672,-0.039954,0.668749,0.5434,-0.052036,0.62486,0.542916,-0.011478,0.608681,0.465484,-0.029782,0.601459,0.417425,-0.04209,0.5972,0.376686,-0.050056,0.658195,0.535242,-0.017539,0.65803,0.442903,-0.036382,0.65714,0.38836,-0.048372,0.659921,0.344386,-0.054931,0.688613,0.54938,-0.026341,0.687387,0.489876,-0.051766,0.67437,0.534902,-0.052188,0.668487,0.573637,-0.045224,0.716278,0.577534,-0.036894,0.714518,0.529966,-0.053769,0.700293,0.558825,-0.048781,0.690954,0.59042,-0.04101
two,0.697898,0.717218,1e-06,0.65622,0.688633,-0.02077,0.639109,0.625547,-0.032122,0.666882,0.573878,-0.044662,0.695795,0.540972,-0.056303,0.635049,0.536916,-0.018369,0.614272,0.462211,-0.035885,0.602755,0.416084,-0.04591,0.593814,0.37655,-0.05233,0.671402,0.526079,-0.022811,0.678858,0.432683,-0.042115,0.685943,0.37765,-0.052885,0.694448,0.334157,-0.057402,0.703836,0.540765,-0.030045,0.706488,0.496825,-0.0562,0.694228,0.546434,-0.056915,0.688496,0.579178,-0.049594,0.731798,0.569253,-0.03918,0.731414,0.534376,-0.056401,0.719267,0.567908,-0.051236,0.712647,0.593264,-0.043096
two,0.703013,0.715362,1e-06,0.662512,0.691361,-0.024972,0.646569,0.632594,-0.040127,0.674413,0.58554,-0.055364,0.703395,0.55468,-0.06912,0.64128,0.539512,-0.027135,0.615727,0.467218,-0.045897,0.601601,0.421167,-0.056734,0.590577,0.381048,-0.064509,0.678668,0.528301,-0.030324,0.693998,0.437179,-0.051887,0.709555,0.382813,-0.063458,0.724681,0.339545,-0.068742,0.71011,0.544606,-0.036042,0.718613,0.50275,-0.062408,0.704418,0.555045,-0.060987,0.695855,0.588142,-0.052846,0.736427,0.574522,-0.044193,0.740443,0.545701,-0.062875,0.727633,0.580118,-0.057843,0.719258,0.604279,-0.049758
two,0.693389,0.727404,1e-06,0.655263,0.699594,-0.022015,0.641044,0.641661,-0.036178,0.666622,0.598179,-0.051142,0.694374,0.569384,-0.064816,0.637927,0.550972,-0.023638,0.61406,0.480118,-0.041642,0.600928,0.434174,-0.05267,0.591042,0.394108,-0.060654,0.673626,0.543741,-0.028012,0.69207,0.455053,-0.048549,0.710458,0.401483,-0.060343,0.728483,0.356986,-0.066252,0.703564,0.561864,-0.034713,0.714511,0.518176,-0.059951,0.699459,0.567607,-0.058768,0.690441,0.600275,-0.051157,0.728829,0.592592,-0.043644,0.737046,0.556891,-0.061101,0.724811,0.58679,-0.055666,0.71657,0.610709,-0.047607
three,0.453835,1.050313,1e-06,0.5024,1.015976,-0.016744,0.523495,0.955271,-0.025058,0.514416,0.90597,-0.030819,0.496459,0.870396,-0.037501,0.518051,0.884789,-0.026123,0.546572,0.805071,-0.045015,0.565323,0.752,-0.057938,0.579982,0.709062,-0.064679,0.483071,0.872754,-0.027837,0.496746,0.777517,-0.047845,0.507479,0.711808,-0.058613,0.514661,0.657886,-0.061479,0.4505,0.882193,-0.030397,0.450161,0.796216,-0.052678,0.459481,0.739907,-0.061772,0.466236,0.694122,-0.063147,0.424887,0.909538,-0.033176,0.43496,0.861335,-0.049488,0.45098,0.87086,-0.045255,0.463595,0.892456,-0.037598
three,0.467099,0.839426,0.0,0.506246,0.813038,-0.018897,0.526497,0.760233,-0.024208,0.504269,0.710172,-0.027702,0.484685,0.673597,-0.031712,0.534422,0.665658,-0.011037,0.562844,0.595691,-0.020303,0.578523,0.550976,-0.02852,0.589009,0.511144,-0.034984,0.504093,0.649475,-0.012836,0.518951,0.565693,-0.019924,0.525438,0.516111,-0.028333,0.531152,0.474287,-0.034557,0.473463,0.652735,-0.017345,0.479926,0.573337,-0.033179,0.48758,0.52355,-0.047636,0.493989,0.479628,-0.057494,0.442103,0.671788,-0.023016,0.450011,0.627377,-0.041541,0.461007,0.648491,-0.045037,0.468213,0.676019,-0.045683
three,0.467179,0.801849,0.0,0.505179,0.780554,-0.019824,0.527748,0.725594,-0.025079,0.507225,0.674209,-0.028135,0.485845,0.641255,-0.031519,0.540051,0.628898,-0.012129,0.570796,0.561562,-0.020346,0.587197,0.518526,-0.028257,0.597228,0.481,-0.034705,0.509353,0.613035,-0.013288,0.526342,0.531672,-0.019134,0.534828,0.483163,-0.028293,0.540632,0.442631,-0.035286,0.478724,0.617472,-0.016911,0.486654,0.539553,-0.030843,0.496177,0.48839,-0.046613,0.502736,0.444927,-0.057621,0.446871,0.637442,-0.021737,0.451448,0.589802,-0.039706,0.461987,0.600192,-0.045223,0.469317,0.619485,-0.047366
three,0.459295,0.795229,0.0,0.49916,0.773758,-0.020803,0.522664,0.71881,-0.026255,0.502134,0.665526,-0.029219,0.480348,0.631156,-0.032633,0.534921,0.621617,-0.012371,0.566142,0.555221,-0.019717,0.582661,0.513329,-0.02724,0.593076,0.475276,-0.033673,0.505126,0.604824,-0.013251,0.52355,0.52395,-0.018153,0.532557,0.475892,-0.026884,0.538771,0.434276,-0.033828,0.474341,0.608749,-0.016678,0.483113,0.530806,-0.030977,0.492244,0.479453,-0.04711,0.498432,0.434002,-0.058459,0.441964,0.628798,-0.021312,0.447107,0.578529,-0.03988,0.457669,0.594582,-0.044799,0.464589,0.620096,-0.046547
three,0.443699,0.770835,0.0,0.48553,0.753828,-0.025298,0.512012,0.701915,-0.033677,0.492467,0.645125,-0.038873,0.468863,0.604671,-0.044426,0.532346,0.606468,-0.016927,0.568715,0.544388,-0.026752,0.589116,0.504673,-0.036486,0.604339,0.46693,-0.044592,0.502189,0.584408,-0.016839,0.527171,0.506238,-0.023827,0.540668,0.459076,-0.034143,0.551457,0.41679,-0.042065,0.470038,0.584147,-0.019611,0.481137,0.507711,-0.036068,0.491892,0.459208,-0.052486,0.499895,0.414897,-0.063955,0.436202,0.600288,-0.023987,0.446761,0.556749,-0.044776,0.455031,0.581485,-0.049488,0.458561,0.610792,-0.050796
three,0.432433,0.773249,1e-06,0.474141,0.759293,-0.028677,0.502129,0.710997,-0.038887,0.481709,0.651636,-0.045094,0.459891,0.6061,-0.051531,0.530334,0.613334,-0.021289,0.572762,0.554223,-0.03319,0.597097,0.514886,-0.044123,0.616176,0.477257,-0.052889,0.500906,0.586834,-0.020268,0.531727,0.508919,-0.028928,0.548134,0.461141,-0.039924,0.562123,0.418165,-0.04803,0.468545,0.582631,-0.022452,0.483706,0.503945,-0.041107,0.496247,0.454105,-0.059102,0.50737,0.408259,-0.071479,0.433711,0.595328,-0.026434,0.444116,0.555421,-0.049521,0.449269,0.582511,-0.055801,0.451383,0.61212,-0.057993
three,0.422838,0.770526,1e-06,0.466411,0.758024,-0.031322,0.493927,0.709353,-0.043174,0.471803,0.647435,-0.050891,0.449739,0.600343,-0.058971,0.527798,0.611422,-0.022719,0.571633,0.551951,-0.036185,0.597627,0.512149,-0.048622,0.618203,0.47417,-0.058568,0.497874,0.584113,-0.020913,0.530405,0.5068,-0.031556,0.547913,0.45764,-0.044903,0.563431,0.413137,-0.054748,0.464555,0.577981,-0.022564,0.481532,0.499625,-0.042903,0.494624,0.450272,-0.062362,0.506831,0.405813,-0.075644,0.428414,0.588043,-0.026275,0.437896,0.549376,-0.051325,0.441472,0.57801,-0.059066,0.443013,0.608729,-0.06214
three,0.424684,0.768443,1e-06,0.465767,0.757681,-0.036598,0.492374,0.71292,-0.052913,0.471294,0.650791,-0.064285,0.448011,0.601231,-0.076018,0.528136,0.609132,-0.030408,0.571125,0.5492,-0.046576,0.59637,0.508969,-0.06103,0.616472,0.471207,-0.072316,0.497979,0.582141,-0.027079,0.530247,0.503043,-0.040612,0.547919,0.453225,-0.055858,0.56321,0.409217,-0.066745,0.464391,0.576961,-0.027362,0.481329,0.498311,-0.049766,0.494561,0.447727,-0.070545,0.507025,0.403058,-0.084645,0.42795,0.588014,-0.030052,0.436139,0.551124,-0.05692,0.439925,0.577371,-0.066064,0.442128,0.606357,-0.07002
three,0.428419,0.767522,1e-06,0.469699,0.756,-0.041812,0.494603,0.708972,-0.059888,0.476671,0.648023,-0.072265,0.451782,0.598627,-0.084709,0.528944,0.601302,-0.031619,0.569317,0.537149,-0.047019,0.592436,0.495181,-0.061589,0.610581,0.45638,-0.073304,0.497732,0.576116,-0.025496,0.526199,0.493933,-0.038638,0.542014,0.442811,-0.054651,0.554912,0.398745,-0.066433,0.463334,0.572204,-0.023617,0.477441,0.492604,-0.04585,0.488936,0.441097,-0.068217,0.499206,0.397268,-0.083659,0.427472,0.583929,-0.024657,0.433622,0.54717,-0.05193,0.437368,0.571479,-0.06303,0.439216,0.599482,-0.068752
three,0.4333,0.771913,1e-06,0.477304,0.754371,-0.034071,0.501615,0.703334,-0.046738,0.475785,0.643913,-0.054297,0.448247,0.600318,-0.061959,0.529044,0.596107,-0.02685,0.568351,0.526539,-0.04063,0.590585,0.481944,-0.053036,0.6076,0.439693,-0.062812,0.496151,0.571773,-0.023991,0.523935,0.486624,-0.0343,0.53847,0.434044,-0.047697,0.551252,0.386883,-0.05755,0.46143,0.568979,-0.024634,0.473847,0.488467,-0.044142,0.484726,0.435221,-0.064588,0.494455,0.38721,-0.078788,0.425541,0.584822,-0.027625,0.432789,0.546214,-0.05114,0.439014,0.575101,-0.058505,0.442086,0.607907,-0.061571
three,0.42753,0.784156,0.0,0.465692,0.74954,-0.023441,0.476498,0.685644,-0.029614,0.436697,0.638848,-0.033057,0.402019,0.615744,-0.03718,0.467606,0.580132,-0.015453,0.479458,0.497774,-0.024981,0.485278,0.446127,-0.033893,0.487281,0.400627,-0.041444,0.431656,0.575035,-0.016084,0.430298,0.485477,-0.023383,0.426861,0.429427,-0.034269,0.424156,0.383233,-0.042592,0.400836,0.59117,-0.019399,0.386301,0.506662,-0.036606,0.38043,0.45169,-0.054562,0.375593,0.405821,-0.066777,0.372691,0.624317,-0.024051,0.365144,0.577921,-0.045369,0.377727,0.594106,-0.051945,0.389719,0.619032,-0.054474
three,0.426174,0.812943,0.0,0.461993,0.76825,-0.021052,0.462545,0.69864,-0.025191,0.419398,0.659011,-0.026592,0.383052,0.639537,-0.028634,0.451829,0.602023,-0.011259,0.458102,0.516092,-0.018931,0.460878,0.463901,-0.026352,0.459038,0.418961,-0.032742,0.413904,0.601552,-0.012482,0.404968,0.510018,-0.018452,0.397612,0.453993,-0.029153,0.390349,0.406267,-0.037127,0.382288,0.621711,-0.016355,0.359295,0.541705,-0.033363,0.348137,0.484697,-0.053385,0.336795,0.435499,-0.067294,0.355567,0.656973,-0.021212,0.352335,0.613237,-0.04323,0.370518,0.6313,-0.050845,0.384997,0.655145,-0.054369
three,0.423821,0.820896,0.0,0.459508,0.776915,-0.021404,0.46108,0.706958,-0.025862,0.418709,0.667409,-0.027479,0.382525,0.647415,-0.029736,0.446235,0.608243,-0.012837,0.452615,0.523318,-0.020839,0.455401,0.471297,-0.027989,0.453369,0.426477,-0.034022,0.408111,0.607503,-0.013929,0.399121,0.516982,-0.019898,0.392173,0.461496,-0.029921,0.385425,0.414001,-0.037058,0.377359,0.62823,-0.017613,0.354464,0.549,-0.034612,0.343474,0.492071,-0.054549,0.333237,0.442769,-0.068205,0.352496,0.665043,-0.02228,0.347749,0.624036,-0.044598,0.366555,0.640019,-0.052643,0.383155,0.662148,-0.056181
three,0.423336,0.815479,0.0,0.453954,0.765535,-0.023045,0.446503,0.695693,-0.027659,0.394756,0.665272,-0.0289,0.352955,0.65597,-0.030304,0.423201,0.607559,-0.011058,0.417113,0.525308,-0.018082,0.412244,0.475734,-0.024895,0.403394,0.432556,-0.031234,0.385397,0.614874,-0.011165,0.36392,0.52989,-0.016363,0.349829,0.480539,-0.025387,0.336687,0.440043,-0.032133,0.357522,0.64094,-0.014323,0.324364,0.570477,-0.03156,0.305715,0.52009,-0.050316,0.28788,0.476968,-0.063083,0.337325,0.680017,-0.018724,0.32724,0.641032,-0.040996,0.344046,0.656678,-0.048693,0.358386,0.677797,-0.052237
three,0.437564,0.815215,0.0,0.459994,0.763958,-0.026301,0.442625,0.697966,-0.032057,0.390337,0.675828,-0.034055,0.349634,0.671182,-0.035724,0.410099,0.612436,-0.012122,0.391836,0.537017,-0.020136,0.380607,0.492242,-0.028031,0.36699,0.454046,-0.03499,0.375471,0.627699,-0.010393,0.342421,0.554045,-0.0161,0.321548,0.513175,-0.025106,0.30371,0.480437,-0.031589,0.352729,0.659237,-0.012183,0.313364,0.60013,-0.029244,0.288505,0.559338,-0.046492,0.266329,0.524854,-0.0579,0.338785,0.703449,-0.015663,0.320073,0.670306,-0.037769,0.336587,0.680634,-0.044894,0.353108,0.696706,-0.047676
three,0.437999,0.825216,0.0,0.456418,0.768076,-0.028256,0.435515,0.703558,-0.035048,0.380276,0.692742,-0.037777,0.336206,0.694977,-0.040134,0.393725,0.620244,-0.01001,0.369587,0.551402,-0.017486,0.354284,0.511305,-0.02609,0.336582,0.475675,-0.034224,0.358732,0.642996,-0.00822,0.321525,0.578298,-0.014477,0.298755,0.541849,-0.025805,0.278148,0.509105,-0.034319,0.337519,0.680348,-0.010355,0.293294,0.625472,-0.03118,0.264634,0.590142,-0.052063,0.237477,0.558493,-0.065506,0.327292,0.727569,-0.01392,0.306694,0.692744,-0.04033,0.328346,0.702869,-0.049477,0.348754,0.718323,-0.053297
three,0.453045,0.81311,0.0,0.478849,0.767213,-0.026053,0.471844,0.697769,-0.030477,0.420736,0.665495,-0.030998,0.378627,0.655557,-0.030954,0.439734,0.609391,-0.008882,0.424299,0.533382,-0.015462,0.41227,0.488496,-0.022179,0.39994,0.45222,-0.028215,0.404368,0.619398,-0.007334,0.374389,0.542968,-0.011204,0.356129,0.498479,-0.018229,0.341614,0.465044,-0.0234,0.379934,0.647232,-0.009731,0.343888,0.580842,-0.026898,0.326346,0.535696,-0.043995,0.309269,0.498262,-0.05519,0.362821,0.689346,-0.013673,0.346876,0.648321,-0.036566,0.364576,0.660274,-0.04341,0.379778,0.681948,-0.045851
three,0.459926,0.803024,0.0,0.495177,0.763603,-0.02108,0.503034,0.695859,-0.025945,0.464372,0.655246,-0.027982,0.429931,0.636388,-0.030555,0.487458,0.601628,-0.013746,0.4964,0.519752,-0.021549,0.499937,0.469735,-0.028855,0.498976,0.42703,-0.034863,0.452234,0.599995,-0.014142,0.446581,0.512905,-0.018773,0.441843,0.460749,-0.027188,0.43643,0.418236,-0.033641,0.423169,0.618026,-0.016995,0.405655,0.541006,-0.031618,0.399323,0.486532,-0.048648,0.391633,0.440679,-0.060724,0.397613,0.650728,-0.020944,0.396723,0.606497,-0.040198,0.415548,0.621316,-0.045536,0.429839,0.644831,-0.047544
three,0.456291,0.81064,0.0,0.493962,0.774538,-0.019759,0.506733,0.708535,-0.024005,0.471358,0.664206,-0.025844,0.440308,0.641236,-0.028589,0.495343,0.608518,-0.011492,0.510113,0.528129,-0.018407,0.51766,0.477963,-0.025886,0.519999,0.433752,-0.032408,0.460907,0.603477,-0.013073,0.462004,0.516235,-0.017443,0.46011,0.461828,-0.02744,0.456745,0.414354,-0.035419,0.430978,0.618635,-0.016919,0.420499,0.537337,-0.032265,0.418836,0.482442,-0.050857,0.414985,0.434441,-0.064135,0.403014,0.649752,-0.021673,0.40375,0.601063,-0.042228,0.422555,0.622066,-0.048003,0.437342,0.651907,-0.050294
three,0.447722,0.81739,0.0,0.498975,0.753668,0.020243,0.514398,0.700055,0.022414,0.5325,0.665716,0.016696,0.547166,0.645034,0.010542,0.462725,0.620126,0.019769,0.48208,0.551013,0.015814,0.492448,0.502731,0.011088,0.495804,0.462097,0.006098,0.451652,0.625965,-0.004518,0.47177,0.539034,-0.015878,0.483121,0.48344,-0.025118,0.488472,0.435635,-0.030529,0.449237,0.64335,-0.028145,0.483006,0.567698,-0.043211,0.495497,0.513838,-0.053322,0.498109,0.465858,-0.060042,0.459836,0.671046,-0.050138,0.512933,0.632443,-0.056996,0.532719,0.647002,-0.053113,0.542713,0.668913,-0.050988
three,0.44953,0.83814,0.0,0.417564,0.762473,0.024813,0.423217,0.698216,0.032972,0.446096,0.658167,0.037452,0.473351,0.638159,0.040796,0.423271,0.643936,0.009236,0.419108,0.556002,0.006973,0.416992,0.505149,0.008752,0.416352,0.464604,0.010789,0.46027,0.646136,-0.00548,0.466906,0.549248,-0.012551,0.471819,0.493828,-0.01353,0.475754,0.448256,-0.011766,0.493835,0.661831,-0.017245,0.506052,0.575118,-0.024615,0.512147,0.521552,-0.026436,0.514972,0.478905,-0.025244,0.523286,0.689671,-0.025691,0.52375,0.62636,-0.022761,0.517199,0.608602,-0.013732,0.511559,0.600141,-0.006283
three,0.45623,0.823821,0.0,0.421596,0.744593,0.021552,0.426193,0.679308,0.028092,0.45669,0.647755,0.030737,0.487099,0.635435,0.031574,0.422152,0.631589,0.00697,0.412269,0.543212,0.003649,0.407613,0.491278,0.004083,0.403841,0.44768,0.005235,0.460836,0.630034,-0.007873,0.461025,0.533674,-0.015951,0.463294,0.4752,-0.018001,0.464617,0.427377,-0.01693,0.495526,0.644064,-0.020284,0.506666,0.556581,-0.032272,0.510622,0.505024,-0.038702,0.511897,0.463558,-0.039628,0.52616,0.670256,-0.029063,0.520085,0.612759,-0.027696,0.50541,0.619415,-0.017468,0.49725,0.636608,-0.009451
three,0.456022,0.814105,0.0,0.42281,0.733647,0.024927,0.433051,0.66709,0.031457,0.470938,0.638298,0.034958,0.504039,0.624874,0.036339,0.427856,0.619638,0.001361,0.420515,0.531596,0.000563,0.415483,0.480029,0.003705,0.410609,0.433747,0.00617,0.465893,0.620988,-0.01332,0.468316,0.524676,-0.022478,0.470763,0.465607,-0.023866,0.472771,0.415877,-0.022538,0.499827,0.637963,-0.02392,0.517404,0.549653,-0.03939,0.522162,0.495241,-0.047165,0.52545,0.452308,-0.04835,0.529623,0.664916,-0.029423,0.523918,0.608036,-0.027575,0.503657,0.623644,-0.015088,0.494929,0.650097,-0.006003
three,0.442947,0.810873,0.0,0.408853,0.730552,0.016971,0.417038,0.66336,0.019035,0.455936,0.636119,0.018903,0.492324,0.625807,0.016487,0.415003,0.613026,-0.007833,0.407609,0.519596,-0.012635,0.40347,0.464386,-0.011468,0.399729,0.416932,-0.010298,0.455663,0.6142,-0.021899,0.459781,0.512022,-0.034083,0.462118,0.449108,-0.036629,0.463749,0.397486,-0.035642,0.491694,0.631604,-0.032847,0.508885,0.539925,-0.050267,0.514901,0.48194,-0.058592,0.520288,0.435716,-0.060378,0.52213,0.661608,-0.039783,0.511991,0.605003,-0.042793,0.490437,0.618902,-0.032828,0.481494,0.644663,-0.024815
three,0.42813,0.818434,0.0,0.394932,0.726099,0.020824,0.413218,0.64623,0.024746,0.464252,0.619286,0.026604,0.505325,0.612501,0.026014,0.402897,0.601037,-0.007989,0.396167,0.497573,-0.014197,0.391118,0.435035,-0.013837,0.386065,0.382129,-0.012823,0.445743,0.605757,-0.024257,0.450432,0.493482,-0.038181,0.454958,0.422009,-0.042065,0.457872,0.364466,-0.04158,0.483404,0.626641,-0.036899,0.505544,0.524302,-0.059828,0.515029,0.458719,-0.072575,0.521318,0.405944,-0.075854,0.516554,0.661085,-0.044158,0.51177,0.599298,-0.049327,0.489046,0.619712,-0.038264,0.477189,0.651835,-0.029103
three,0.418847,0.810583,0.0,0.386361,0.710496,0.032008,0.404468,0.629603,0.041447,0.453887,0.602536,0.047184,0.493546,0.59766,0.050176,0.395218,0.575278,0.004325,0.391157,0.469814,0.003446,0.385913,0.408641,0.007354,0.379197,0.354898,0.010646,0.438335,0.5812,-0.014438,0.447064,0.465801,-0.025068,0.45287,0.395329,-0.025421,0.456154,0.337357,-0.022047,0.476926,0.604413,-0.028628,0.501147,0.501314,-0.047937,0.512459,0.435142,-0.058634,0.520152,0.381317,-0.060318,0.510928,0.640787,-0.036378,0.507291,0.578991,-0.03495,0.484833,0.602235,-0.020278,0.474629,0.637682,-0.009136
three,0.42388,0.800421,0.0,0.390126,0.703936,0.024864,0.402204,0.624079,0.03206,0.447822,0.595162,0.035691,0.488208,0.587969,0.036959,0.398406,0.568074,0.003335,0.394911,0.461802,-0.001036,0.391412,0.400281,9.5e-05,0.386389,0.34758,0.001837,0.441569,0.573023,-0.014602,0.451315,0.458745,-0.026795,0.4582,0.389304,-0.029112,0.462003,0.332554,-0.026838,0.480035,0.594835,-0.029473,0.503658,0.493498,-0.049657,0.515332,0.429371,-0.060844,0.522129,0.375399,-0.063038,0.514542,0.632586,-0.039211,0.518317,0.57037,-0.04116,0.500382,0.592547,-0.028258,0.489689,0.626317,-0.017759
three,0.454432,0.777053,0.0,0.502423,0.706777,0.016555,0.517226,0.652326,0.01846,0.53184,0.611639,0.012834,0.536834,0.575419,0.006548,0.459744,0.572778,0.022644,0.472835,0.492335,0.01879,0.47912,0.438673,0.013022,0.4791,0.394634,0.00726,0.448029,0.57737,-0.001996,0.455364,0.478672,-0.013702,0.462617,0.415272,-0.024447,0.463109,0.36471,-0.030903,0.443404,0.59186,-0.027274,0.463874,0.498357,-0.045589,0.4745,0.437427,-0.060139,0.475478,0.385379,-0.069882,0.451825,0.617888,-0.051087,0.498413,0.561705,-0.062929,0.520993,0.579101,-0.061586,0.534171,0.610547,-0.061059
three,0.465176,0.764834,0.0,0.504422,0.733931,-0.017709,0.527281,0.672872,-0.021412,0.509556,0.615454,-0.023404,0.485743,0.581211,-0.025704,0.519887,0.589571,-0.007672,0.540368,0.516922,-0.013783,0.550295,0.474793,-0.019864,0.556219,0.438238,-0.024831,0.489696,0.577146,-0.008457,0.500179,0.492742,-0.012285,0.505546,0.444996,-0.01871,0.508864,0.409002,-0.023672,0.460741,0.583522,-0.011814,0.461547,0.501224,-0.024861,0.467969,0.448208,-0.038951,0.472052,0.407105,-0.048613,0.431414,0.604163,-0.016056,0.439585,0.546954,-0.031834,0.455452,0.555175,-0.035297,0.4663,0.577285,-0.036332
three,0.464719,0.778296,0.0,0.503946,0.755004,-0.025355,0.52635,0.696529,-0.032939,0.499797,0.64011,-0.036934,0.472558,0.603576,-0.040918,0.534514,0.600186,-0.017269,0.56515,0.529419,-0.026062,0.580773,0.48545,-0.034263,0.590814,0.446188,-0.040986,0.501628,0.583054,-0.01618,0.517113,0.497143,-0.02204,0.524475,0.447219,-0.030795,0.528775,0.405656,-0.037301,0.469896,0.58824,-0.017859,0.472381,0.507854,-0.033318,0.478968,0.455972,-0.049403,0.481982,0.41141,-0.060394,0.438192,0.610151,-0.021024,0.444342,0.562636,-0.040903,0.456823,0.581444,-0.045723,0.463674,0.608077,-0.046928
three,0.448559,0.774723,0.0,0.49279,0.759738,-0.027973,0.523073,0.705193,-0.036777,0.504887,0.639835,-0.04169,0.480435,0.594682,-0.046886,0.551722,0.613941,-0.01806,0.593142,0.548237,-0.028198,0.614503,0.506505,-0.038005,0.63037,0.466994,-0.046339,0.520907,0.587244,-0.016844,0.550076,0.504443,-0.023935,0.564431,0.455415,-0.034095,0.576135,0.413195,-0.041723,0.486775,0.583444,-0.018764,0.503377,0.504769,-0.036421,0.517224,0.453568,-0.053822,0.529054,0.406531,-0.065891,0.450829,0.596349,-0.022405,0.460153,0.555717,-0.045975,0.465841,0.580885,-0.052102,0.467623,0.608996,-0.054007
three,0.419539,0.726126,0.0,0.459782,0.732671,-0.035539,0.499241,0.697488,-0.049486,0.496245,0.624772,-0.058292,0.486688,0.564947,-0.067203,0.559528,0.623928,-0.02714,0.616643,0.580444,-0.041366,0.648388,0.551673,-0.054191,0.67492,0.522063,-0.064408,0.537384,0.584014,-0.023503,0.58924,0.522504,-0.034588,0.616825,0.482843,-0.048127,0.640621,0.447345,-0.057742,0.506942,0.563332,-0.023562,0.546581,0.498063,-0.04506,0.572382,0.455581,-0.065597,0.596385,0.417358,-0.079347,0.47109,0.55825,-0.025774,0.487839,0.521782,-0.052351,0.480812,0.542094,-0.061014,0.472514,0.565366,-0.064487
three,0.407146,0.685533,1e-06,0.441668,0.70488,-0.042789,0.482361,0.684967,-0.061361,0.485339,0.615251,-0.073229,0.479759,0.553085,-0.085449,0.55136,0.61907,-0.039765,0.614223,0.594829,-0.057299,0.650747,0.575509,-0.072657,0.683263,0.554048,-0.084814,0.536272,0.573869,-0.034039,0.597379,0.526668,-0.048007,0.632079,0.496022,-0.064297,0.662962,0.467756,-0.076415,0.510641,0.545989,-0.032101,0.558017,0.491371,-0.055625,0.590154,0.456459,-0.07914,0.619954,0.425873,-0.095615,0.477206,0.532212,-0.032835,0.497844,0.504061,-0.060559,0.487521,0.52383,-0.071153,0.475111,0.545427,-0.076851
three,0.408636,0.682003,1e-06,0.444005,0.698604,-0.038108,0.48455,0.6774,-0.053908,0.484977,0.609542,-0.063792,0.477362,0.550997,-0.074075,0.552278,0.614127,-0.034171,0.614068,0.590452,-0.04977,0.650982,0.572713,-0.06364,0.683205,0.552009,-0.07473,0.537043,0.56931,-0.02995,0.597976,0.52205,-0.043028,0.63293,0.492023,-0.058223,0.663615,0.46368,-0.069176,0.511705,0.542277,-0.029151,0.557925,0.488515,-0.050977,0.590085,0.454614,-0.072448,0.619665,0.424479,-0.087147,0.478538,0.529656,-0.030744,0.500642,0.50032,-0.055543,0.490787,0.519462,-0.063568,0.478558,0.540744,-0.067399
three,0.41521,0.708721,1e-06,0.455223,0.714077,-0.037304,0.48972,0.679416,-0.052979,0.483229,0.612365,-0.063366,0.47208,0.557025,-0.073879,0.543712,0.586445,-0.031588,0.595027,0.538216,-0.047269,0.625352,0.504092,-0.06112,0.65012,0.471183,-0.072065,0.519367,0.549682,-0.027225,0.564048,0.481649,-0.040111,0.589667,0.440067,-0.05476,0.611673,0.404293,-0.065075,0.488755,0.534855,-0.026333,0.521262,0.465333,-0.048157,0.544997,0.422965,-0.068951,0.566391,0.386553,-0.082833,0.454082,0.538213,-0.02787,0.466477,0.505072,-0.05504,0.461239,0.526898,-0.065012,0.454267,0.551008,-0.069182
three,0.47451,0.779601,0.0,0.511824,0.750347,-0.024901,0.527104,0.693539,-0.033756,0.498355,0.641875,-0.039728,0.469638,0.609427,-0.046122,0.524248,0.586301,-0.017468,0.543995,0.508405,-0.027549,0.555449,0.460211,-0.036651,0.562647,0.417964,-0.043974,0.49024,0.577859,-0.0173,0.495836,0.487977,-0.027274,0.499328,0.433996,-0.038635,0.501842,0.389022,-0.046443,0.459713,0.588885,-0.019858,0.454714,0.503994,-0.038784,0.45547,0.450903,-0.055676,0.455276,0.406087,-0.066274,0.431892,0.617636,-0.023834,0.431951,0.560832,-0.044827,0.445701,0.5807,-0.049299,0.456713,0.613184,-0.049925
three,0.498089,0.797946,0.0,0.535074,0.764999,-0.023214,0.549633,0.703294,-0.030555,0.516343,0.650941,-0.035007,0.484456,0.621544,-0.039612,0.540082,0.600722,-0.016686,0.557324,0.52034,-0.025197,0.565392,0.471983,-0.032752,0.569263,0.428595,-0.039146,0.505235,0.59409,-0.016973,0.505959,0.503413,-0.024162,0.505354,0.449608,-0.033155,0.503142,0.402937,-0.039672,0.475386,0.608921,-0.019674,0.463726,0.526244,-0.036197,0.462071,0.47083,-0.05164,0.458384,0.422555,-0.061696,0.448141,0.641429,-0.023659,0.445274,0.582318,-0.042124,0.460565,0.598051,-0.044818,0.472897,0.62611,-0.044668
three,0.491652,0.799306,0.0,0.530447,0.773232,-0.025548,0.546151,0.713076,-0.033137,0.513822,0.66253,-0.037302,0.484885,0.631099,-0.041641,0.542542,0.60306,-0.017639,0.56304,0.52409,-0.026763,0.573664,0.476205,-0.035024,0.579861,0.433737,-0.04181,0.506953,0.593936,-0.016842,0.511015,0.50366,-0.024497,0.512731,0.450691,-0.034275,0.513254,0.404608,-0.041197,0.475744,0.606588,-0.01881,0.467999,0.523239,-0.036063,0.467046,0.468739,-0.052546,0.464691,0.420934,-0.063229,0.44697,0.636469,-0.022258,0.445783,0.581028,-0.04255,0.456956,0.599996,-0.04681,0.465553,0.628028,-0.047504
three,0.489199,0.811194,0.0,0.52576,0.780007,-0.02808,0.537147,0.717525,-0.036365,0.497809,0.668742,-0.040513,0.463228,0.637277,-0.04439,0.539976,0.603662,-0.017081,0.561762,0.523438,-0.026675,0.573406,0.473811,-0.035592,0.579661,0.428993,-0.042931,0.502759,0.593286,-0.015539,0.50836,0.502841,-0.023391,0.509899,0.448744,-0.033747,0.510283,0.401683,-0.040909,0.470234,0.606201,-0.017264,0.460235,0.524278,-0.035578,0.456856,0.46967,-0.053741,0.4521,0.421469,-0.065487,0.441477,0.63764,-0.020741,0.442179,0.59001,-0.042917,0.45462,0.617185,-0.048394,0.464035,0.650256,-0.049572
three,0.480438,0.807302,1e-06,0.506643,0.759979,-0.034576,0.496355,0.700782,-0.047476,0.442097,0.686849,-0.05533,0.396368,0.679785,-0.062991,0.456667,0.593451,-0.027059,0.443822,0.510385,-0.040387,0.43304,0.460281,-0.051591,0.418927,0.415989,-0.061008,0.417424,0.610329,-0.024514,0.385641,0.529893,-0.037025,0.363793,0.482729,-0.051872,0.342917,0.440503,-0.062277,0.392749,0.645537,-0.025335,0.345781,0.588574,-0.049345,0.31694,0.549721,-0.071331,0.290594,0.512821,-0.085438,0.380105,0.692513,-0.02808,0.3602,0.659396,-0.055754,0.379276,0.675519,-0.065144,0.398501,0.694097,-0.069053
three,0.491388,0.819788,1e-06,0.516043,0.770336,-0.033627,0.50641,0.712761,-0.047755,0.451557,0.707148,-0.05702,0.403942,0.706351,-0.066283,0.453706,0.608661,-0.02876,0.437142,0.525871,-0.042318,0.42345,0.477234,-0.053086,0.406509,0.434802,-0.062207,0.414102,0.631748,-0.027335,0.374715,0.554206,-0.040008,0.348276,0.511731,-0.05396,0.323347,0.473753,-0.063571,0.392671,0.671694,-0.028873,0.339471,0.623278,-0.053862,0.306281,0.589763,-0.074123,0.276087,0.557692,-0.086846,0.384714,0.722405,-0.032074,0.365128,0.689672,-0.060726,0.389279,0.706716,-0.067781,0.412773,0.72634,-0.06952
three,0.497849,0.820079,0.0,0.526175,0.776179,-0.031119,0.525758,0.713453,-0.043134,0.475407,0.684836,-0.050567,0.432633,0.669842,-0.057629,0.491575,0.60737,-0.02366,0.488166,0.521465,-0.03749,0.484035,0.47071,-0.049376,0.477039,0.42553,-0.058666,0.451547,0.616431,-0.02262,0.427603,0.526869,-0.03308,0.41029,0.478205,-0.044866,0.394169,0.437966,-0.052943,0.42481,0.646692,-0.024763,0.389578,0.58002,-0.045373,0.36761,0.533534,-0.06232,0.346544,0.492371,-0.073353,0.407164,0.693063,-0.028829,0.393193,0.651677,-0.052622,0.409348,0.667632,-0.057027,0.423306,0.688577,-0.057439
three,0.491729,0.835934,1e-06,0.530044,0.805556,-0.030016,0.547442,0.744158,-0.040782,0.510251,0.694154,-0.047117,0.474907,0.662069,-0.053576,0.535751,0.625894,-0.024125,0.558912,0.540698,-0.036548,0.569225,0.488183,-0.047317,0.574298,0.441037,-0.055541,0.497455,0.618138,-0.023032,0.499932,0.519158,-0.031786,0.4984,0.462652,-0.042098,0.494749,0.414318,-0.049434,0.465159,0.63486,-0.024924,0.451964,0.549464,-0.044316,0.447285,0.492792,-0.061073,0.440476,0.442835,-0.07211,0.435774,0.67015,-0.028606,0.436751,0.616417,-0.051099,0.453146,0.63965,-0.054176,0.464432,0.670781,-0.053758
three,0.491021,0.835964,1e-06,0.530778,0.806147,-0.027776,0.549553,0.747477,-0.03774,0.512685,0.696726,-0.043547,0.478077,0.665977,-0.049372,0.540237,0.628609,-0.022373,0.563957,0.546286,-0.032898,0.575741,0.496036,-0.041583,0.581954,0.449793,-0.048448,0.501243,0.61957,-0.02196,0.506279,0.521887,-0.031687,0.507513,0.464906,-0.041622,0.506779,0.414108,-0.047961,0.468299,0.634439,-0.024139,0.457979,0.550072,-0.043446,0.455617,0.492793,-0.059353,0.45135,0.44115,-0.06916,0.438897,0.669472,-0.027933,0.44322,0.614967,-0.04795,0.458308,0.642379,-0.049042,0.4689,0.678106,-0.047231
three,0.492249,0.835831,1e-06,0.532116,0.810184,-0.028335,0.552447,0.753432,-0.03894,0.520646,0.70112,-0.045829,0.489912,0.667965,-0.052942,0.54216,0.631679,-0.023316,0.567272,0.549181,-0.035064,0.57977,0.498459,-0.044836,0.587099,0.452948,-0.052287,0.504576,0.621978,-0.022657,0.510426,0.52432,-0.032574,0.512683,0.466094,-0.043387,0.513271,0.415872,-0.050722,0.472419,0.635879,-0.024722,0.462707,0.547925,-0.043716,0.461481,0.490347,-0.060597,0.459108,0.440752,-0.071458,0.443247,0.668728,-0.028476,0.445575,0.613624,-0.049062,0.45982,0.636335,-0.052163,0.470457,0.668598,-0.051919
three,0.494066,0.824884,0.0,0.532074,0.798614,-0.024033,0.552284,0.744601,-0.032806,0.526238,0.695181,-0.038664,0.499332,0.662941,-0.045206,0.545788,0.635384,-0.020203,0.570809,0.559179,-0.030085,0.583605,0.511795,-0.038978,0.591293,0.468333,-0.046126,0.510606,0.624165,-0.020964,0.517388,0.532622,-0.027915,0.520252,0.477883,-0.037575,0.521632,0.429538,-0.045035,0.479419,0.635691,-0.024027,0.472149,0.553783,-0.040903,0.473023,0.498064,-0.057962,0.472151,0.450258,-0.069949,0.450586,0.664587,-0.028438,0.456198,0.615861,-0.049113,0.471601,0.640397,-0.053387,0.482088,0.673121,-0.054469
three,0.498891,0.805418,0.0,0.532931,0.778814,-0.019591,0.551838,0.726925,-0.026383,0.534381,0.675572,-0.030894,0.509482,0.644323,-0.035615,0.547617,0.632746,-0.014361,0.570432,0.564756,-0.021887,0.581757,0.523626,-0.028789,0.588995,0.486194,-0.034534,0.517169,0.621547,-0.015334,0.523877,0.539944,-0.021678,0.527077,0.492103,-0.029379,0.528349,0.452525,-0.035052,0.489344,0.630976,-0.018476,0.483177,0.554307,-0.033372,0.485784,0.50523,-0.047091,0.486059,0.464329,-0.056216,0.463326,0.656058,-0.022673,0.472146,0.602867,-0.039443,0.486354,0.620897,-0.04194,0.494743,0.648778,-0.041999
three,0.495946,0.799491,0.0,0.529787,0.771764,-0.020623,0.549668,0.719171,-0.027994,0.53149,0.668602,-0.032979,0.505986,0.636417,-0.038348,0.543422,0.627514,-0.015355,0.56584,0.55988,-0.023978,0.577127,0.518265,-0.031998,0.584253,0.480238,-0.038503,0.513784,0.617437,-0.016135,0.520608,0.537108,-0.023355,0.523479,0.488696,-0.032447,0.524342,0.4465,-0.039153,0.486495,0.626608,-0.019093,0.482514,0.550463,-0.034647,0.48607,0.500295,-0.049291,0.487223,0.457207,-0.059128,0.459929,0.650469,-0.023148,0.46768,0.599847,-0.041179,0.482299,0.615365,-0.044658,0.491622,0.639847,-0.045229
three,0.457873,0.794889,0.0,0.449167,0.716438,0.017408,0.464264,0.651226,0.021796,0.493034,0.631558,0.022246,0.519102,0.629035,0.02104,0.462916,0.608396,0.005481,0.474457,0.529678,4.7e-05,0.481098,0.48265,-0.002134,0.484842,0.444349,-0.002695,0.488326,0.618176,-0.011496,0.513241,0.53159,-0.020764,0.528066,0.47834,-0.024643,0.53739,0.43353,-0.024146,0.5124,0.640248,-0.026969,0.546582,0.563234,-0.042481,0.561809,0.51396,-0.051948,0.569504,0.468029,-0.054571,0.537918,0.677298,-0.039419,0.567457,0.629529,-0.043933,0.560572,0.647116,-0.035024,0.550909,0.671798,-0.027011
three,0.48047,0.815457,0.0,0.449613,0.740538,0.021215,0.45846,0.677419,0.028154,0.490239,0.649143,0.031908,0.518023,0.635427,0.034126,0.456905,0.625576,0.005675,0.449019,0.540973,0.000978,0.444155,0.489951,0.001534,0.440384,0.447624,0.003874,0.492744,0.624814,-0.007828,0.496446,0.533432,-0.016481,0.499916,0.477493,-0.01556,0.503973,0.433016,-0.01108,0.523965,0.640381,-0.019036,0.538389,0.559831,-0.033402,0.544013,0.510114,-0.038739,0.549493,0.469037,-0.037415,0.550689,0.669577,-0.026335,0.550107,0.622014,-0.024558,0.53515,0.639006,-0.011207,0.529412,0.665901,-0.000348
three,0.490952,0.811769,0.0,0.460856,0.738138,0.025902,0.473856,0.675585,0.035074,0.509291,0.647948,0.041551,0.539239,0.636358,0.046652,0.467182,0.621093,0.007175,0.463146,0.536928,0.007109,0.459745,0.487068,0.010821,0.455825,0.444652,0.014942,0.503597,0.622623,-0.004727,0.511793,0.529977,-0.010007,0.517241,0.474105,-0.007548,0.520851,0.429075,-0.002929,0.535774,0.639648,-0.013107,0.554258,0.559619,-0.022898,0.5616,0.507857,-0.027978,0.567396,0.467826,-0.027467,0.561878,0.666559,-0.016825,0.560779,0.623331,-0.009258,0.544007,0.639502,0.004397,0.538332,0.665116,0.014092
three,0.489162,0.812157,0.0,0.464024,0.734226,0.021819,0.471502,0.670972,0.029683,0.50057,0.644598,0.034229,0.529048,0.634148,0.037508,0.469315,0.622809,0.007943,0.465751,0.537318,0.005972,0.464574,0.487477,0.008475,0.462675,0.445773,0.011857,0.505364,0.624417,-0.005047,0.514124,0.53123,-0.012625,0.521147,0.475744,-0.011764,0.526086,0.430709,-0.0073,0.538365,0.641318,-0.015427,0.557315,0.562578,-0.026048,0.565651,0.513635,-0.029578,0.570945,0.472822,-0.027604,0.566983,0.672019,-0.022183,0.571898,0.622801,-0.016588,0.559143,0.637409,-0.0018,0.552649,0.661114,0.009677
three,0.839825,0.873353,0.0,0.789009,0.839875,-0.030481,0.773055,0.760474,-0.037927,0.812171,0.701115,-0.04255,0.846106,0.672314,-0.047853,0.760077,0.650516,-0.013368,0.728603,0.567881,-0.027061,0.713601,0.510888,-0.041376,0.70257,0.462927,-0.052741,0.80092,0.634734,-0.013224,0.789021,0.532732,-0.022726,0.788537,0.468053,-0.035405,0.790613,0.413063,-0.044444,0.837916,0.643821,-0.017941,0.84406,0.566518,-0.034257,0.847637,0.511427,-0.052899,0.852545,0.460815,-0.066319,0.870973,0.67044,-0.025767,0.863897,0.643639,-0.043518,0.852334,0.669868,-0.048196,0.848368,0.697469,-0.050923
three,0.768609,0.700608,0.0,0.729746,0.674245,-0.027157,0.712692,0.606173,-0.031114,0.752908,0.546671,-0.030744,0.791806,0.518409,-0.03054,0.696437,0.518058,-0.01374,0.664832,0.441647,-0.020652,0.649514,0.394547,-0.027412,0.638364,0.353006,-0.034103,0.731771,0.499992,-0.01385,0.718072,0.41039,-0.018462,0.71348,0.35637,-0.027725,0.711461,0.313577,-0.03527,0.763447,0.506697,-0.018165,0.772283,0.422479,-0.035042,0.775036,0.371829,-0.055545,0.776938,0.326172,-0.0699,0.795025,0.534347,-0.024203,0.79216,0.491518,-0.044945,0.786514,0.522244,-0.050993,0.783283,0.558475,-0.054584
three,0.759723,0.698098,0.0,0.722031,0.669116,-0.028762,0.709204,0.602738,-0.03401,0.752035,0.547965,-0.034407,0.792211,0.520937,-0.034593,0.695379,0.512458,-0.01652,0.666581,0.435075,-0.025375,0.652541,0.387134,-0.033487,0.642609,0.344053,-0.040914,0.731311,0.496562,-0.016623,0.720277,0.405521,-0.02264,0.717083,0.350753,-0.032428,0.715527,0.30584,-0.040317,0.761986,0.505156,-0.021108,0.774209,0.421834,-0.039058,0.778724,0.370623,-0.059398,0.781042,0.32356,-0.073508,0.792405,0.536157,-0.027488,0.79242,0.491738,-0.047613,0.78552,0.521195,-0.052559,0.778813,0.557528,-0.055545
three,0.745965,0.697302,0.0,0.707667,0.669829,-0.030132,0.692825,0.605845,-0.038676,0.732763,0.551315,-0.042357,0.772942,0.524604,-0.046311,0.677837,0.515526,-0.021527,0.649951,0.437566,-0.031761,0.636807,0.389062,-0.040608,0.627605,0.345924,-0.048532,0.713425,0.499042,-0.02073,0.70281,0.407964,-0.027885,0.699871,0.352669,-0.038416,0.698527,0.307365,-0.046802,0.744747,0.506771,-0.023822,0.757589,0.42412,-0.042498,0.761673,0.37166,-0.06342,0.764404,0.325815,-0.078257,0.77489,0.534622,-0.028747,0.77539,0.497547,-0.052183,0.769506,0.529575,-0.059434,0.765294,0.565809,-0.063478
three,0.721282,0.689897,0.0,0.686637,0.661911,-0.029682,0.674764,0.598147,-0.039107,0.713855,0.544987,-0.044309,0.750454,0.515497,-0.050314,0.655052,0.511938,-0.021335,0.626373,0.437406,-0.031577,0.613452,0.388596,-0.040624,0.603721,0.345181,-0.049045,0.689158,0.494719,-0.021381,0.677007,0.406734,-0.028056,0.674668,0.350764,-0.039006,0.673664,0.304764,-0.048275,0.720452,0.502932,-0.025291,0.730217,0.422129,-0.044105,0.735856,0.370272,-0.065467,0.741426,0.324246,-0.081186,0.750537,0.529071,-0.030942,0.745817,0.497986,-0.056118,0.737608,0.531208,-0.065265,0.732328,0.564786,-0.071014
three,0.705339,0.693071,0.0,0.668544,0.664537,-0.027619,0.655443,0.597228,-0.0359,0.696122,0.543709,-0.040201,0.734107,0.516266,-0.045534,0.637669,0.509292,-0.021056,0.607528,0.433433,-0.031323,0.594611,0.384665,-0.04002,0.584994,0.340681,-0.048037,0.672931,0.492371,-0.022466,0.659211,0.400281,-0.02921,0.656254,0.343217,-0.039257,0.655388,0.296842,-0.04753,0.706032,0.502163,-0.027551,0.715364,0.419704,-0.046129,0.721168,0.365954,-0.066497,0.72816,0.317429,-0.081243,0.73719,0.530832,-0.034186,0.728939,0.49829,-0.05805,0.719586,0.532368,-0.065336,0.715182,0.565863,-0.069791
three,0.708358,0.687091,0.0,0.666743,0.658477,-0.028717,0.651518,0.582312,-0.035619,0.69651,0.522718,-0.038431,0.738379,0.49446,-0.042354,0.632654,0.489956,-0.017737,0.600285,0.409778,-0.026503,0.586156,0.35796,-0.035281,0.575391,0.311663,-0.04393,0.671289,0.471035,-0.019115,0.655846,0.374771,-0.024125,0.651757,0.314565,-0.034753,0.64979,0.266538,-0.044106,0.707533,0.479989,-0.024639,0.716093,0.390879,-0.043352,0.720608,0.334924,-0.065218,0.726235,0.285044,-0.081271,0.741242,0.508976,-0.031813,0.73107,0.466751,-0.056958,0.721169,0.502592,-0.06461,0.716371,0.538893,-0.069419
three,0.71659,0.692525,0.0,0.673976,0.659758,-0.033365,0.660515,0.582648,-0.040403,0.709378,0.520406,-0.041879,0.754084,0.487683,-0.043003,0.641982,0.478332,-0.018956,0.60894,0.390806,-0.028693,0.594401,0.335635,-0.037697,0.584286,0.286084,-0.046011,0.683082,0.460993,-0.019233,0.669755,0.355149,-0.025885,0.666735,0.290594,-0.036942,0.66568,0.237853,-0.045761,0.718879,0.473066,-0.024519,0.733978,0.376927,-0.045311,0.742402,0.316855,-0.068159,0.748968,0.260345,-0.083906,0.753573,0.510412,-0.031888,0.754525,0.459075,-0.055392,0.746716,0.494975,-0.060574,0.739876,0.534992,-0.063597
three,0.712972,0.692177,0.0,0.668503,0.657972,-0.033615,0.655092,0.578931,-0.040077,0.704713,0.515812,-0.040827,0.749887,0.483538,-0.041115,0.637199,0.47284,-0.018907,0.60309,0.380754,-0.028906,0.588325,0.324397,-0.038065,0.57845,0.273625,-0.046465,0.679742,0.455713,-0.019609,0.665737,0.346142,-0.026642,0.661782,0.280266,-0.038618,0.66018,0.224922,-0.04826,0.715744,0.467813,-0.025453,0.730382,0.369856,-0.046824,0.737932,0.3083,-0.070971,0.743612,0.249864,-0.08761,0.750275,0.50676,-0.03342,0.749535,0.452668,-0.056577,0.741027,0.488253,-0.06168,0.733695,0.529601,-0.064881
three,0.721889,0.691858,0.0,0.667712,0.665418,-0.017856,0.631649,0.598872,-0.025105,0.656252,0.536292,-0.031458,0.692346,0.498392,-0.039851,0.631346,0.486332,-0.0132,0.593673,0.411943,-0.022975,0.57619,0.360695,-0.031934,0.564813,0.313243,-0.042191,0.668257,0.465788,-0.023193,0.649031,0.365279,-0.03238,0.643244,0.298377,-0.045328,0.642957,0.243948,-0.057054,0.704637,0.476445,-0.036691,0.703214,0.375772,-0.06302,0.701217,0.308799,-0.090785,0.704219,0.251705,-0.111297,0.740381,0.507347,-0.050195,0.708814,0.468614,-0.0855,0.683457,0.502717,-0.101036,0.667535,0.540584,-0.111627
three,0.740616,0.733231,0.0,0.722993,0.651749,0.034555,0.701648,0.591058,0.040722,0.666475,0.567339,0.038281,0.635425,0.559038,0.032267,0.725573,0.536277,0.014138,0.693989,0.448915,0.01022,0.680839,0.394917,0.010323,0.671694,0.350051,0.009349,0.721864,0.541941,-0.014454,0.698387,0.437493,-0.029697,0.691352,0.372585,-0.036021,0.690425,0.320946,-0.037752,0.706405,0.5642,-0.03957,0.669619,0.464899,-0.055933,0.655969,0.407824,-0.06283,0.654683,0.35155,-0.065946,0.682117,0.600315,-0.060312,0.634194,0.557501,-0.072386,0.629736,0.575298,-0.068487,0.638668,0.593549,-0.064311
three,0.691435,0.734439,0.0,0.703984,0.662905,0.023126,0.687785,0.603148,0.030209,0.654243,0.580992,0.033625,0.623335,0.580554,0.034162,0.701696,0.571614,0.008179,0.70034,0.492469,0.006685,0.701884,0.448805,0.008749,0.704251,0.412924,0.011341,0.675269,0.570061,-0.005306,0.663471,0.478896,-0.013332,0.65702,0.427586,-0.012616,0.65334,0.384655,-0.007916,0.647856,0.580922,-0.015912,0.625137,0.502557,-0.024641,0.616303,0.453597,-0.027885,0.611407,0.407074,-0.027063,0.623487,0.60671,-0.023048,0.610648,0.568129,-0.021793,0.615352,0.591983,-0.011019,0.625435,0.616319,-0.002035
three,0.66892,0.716378,0.0,0.688302,0.655847,0.008159,0.674617,0.602142,0.009385,0.643187,0.586363,0.010345,0.614676,0.585177,0.009103,0.680761,0.574505,-0.007322,0.684803,0.501883,-0.010026,0.686916,0.462632,-0.009624,0.687818,0.429648,-0.008292,0.651022,0.572713,-0.012676,0.645084,0.494542,-0.016902,0.63956,0.44795,-0.017213,0.634198,0.409392,-0.015221,0.623596,0.581573,-0.015922,0.606698,0.518071,-0.020022,0.598013,0.474685,-0.026926,0.59071,0.438758,-0.03106,0.603331,0.601099,-0.017273,0.604305,0.576713,-0.016831,0.613515,0.595775,-0.01268,0.623652,0.616512,-0.009056
three,0.666343,0.715264,0.0,0.684845,0.655382,0.008317,0.671015,0.604427,0.009394,0.641638,0.588093,0.009941,0.61336,0.586025,0.008168,0.677642,0.576308,-0.007346,0.68314,0.506245,-0.010519,0.686479,0.468051,-0.0109,0.688386,0.435525,-0.010376,0.648248,0.574649,-0.013379,0.641573,0.500448,-0.017014,0.63543,0.454492,-0.018376,0.629938,0.418754,-0.017741,0.621451,0.58632,-0.017465,0.597883,0.527205,-0.022955,0.584209,0.485528,-0.032953,0.572496,0.453956,-0.03941,0.602725,0.607869,-0.019393,0.604238,0.58532,-0.021411,0.613733,0.601283,-0.020351,0.623077,0.619931,-0.019084
three,0.668663,0.713448,1e-06,0.689931,0.652004,0.010512,0.677129,0.600006,0.012947,0.648344,0.580303,0.01457,0.620568,0.575493,0.0139,0.682422,0.571908,-0.005777,0.691842,0.498835,-0.00859,0.696916,0.458496,-0.008288,0.70018,0.424979,-0.00712,0.651861,0.569037,-0.012249,0.646528,0.490888,-0.016039,0.641022,0.442935,-0.017164,0.635569,0.405852,-0.016119,0.624509,0.579949,-0.016554,0.601512,0.51889,-0.021718,0.587269,0.476034,-0.03195,0.574605,0.444306,-0.038426,0.605867,0.601213,-0.018467,0.609112,0.578606,-0.019399,0.618445,0.593922,-0.018356,0.62716,0.612013,-0.017169
three,0.668657,0.718444,1e-06,0.686432,0.656214,0.010906,0.67144,0.602635,0.013399,0.641565,0.58385,0.014903,0.612567,0.58011,0.0142,0.680482,0.575529,-0.003157,0.686704,0.504136,-0.00497,0.691228,0.465538,-0.004014,0.694534,0.433214,-0.00255,0.651769,0.573797,-0.0104,0.644339,0.496207,-0.014347,0.638548,0.449443,-0.01546,0.633534,0.411904,-0.014228,0.624728,0.584619,-0.01562,0.599981,0.522917,-0.021853,0.585723,0.479152,-0.031894,0.573654,0.444145,-0.037971,0.605033,0.605666,-0.018409,0.605468,0.580985,-0.02026,0.614756,0.598622,-0.018636,0.624497,0.617891,-0.016945
three,0.632903,0.73155,0.0,0.60102,0.70071,-0.005615,0.586759,0.649939,-0.011213,0.588249,0.608088,-0.01967,0.60555,0.584839,-0.026931,0.61236,0.589695,-0.003812,0.602218,0.535671,-0.013948,0.597221,0.50489,-0.019169,0.596557,0.479744,-0.021933,0.634699,0.588589,-0.011069,0.637537,0.518228,-0.024564,0.639536,0.473639,-0.033687,0.644554,0.439314,-0.037775,0.653031,0.603161,-0.019368,0.633089,0.569307,-0.037206,0.611302,0.593194,-0.039895,0.600221,0.616261,-0.035932,0.664732,0.624547,-0.028235,0.650255,0.594447,-0.040342,0.633191,0.585204,-0.040898,0.620231,0.580718,-0.038235
three,0.674003,0.690992,0.0,0.639175,0.67069,-0.010233,0.620776,0.610861,-0.009619,0.636279,0.56231,-0.007945,0.657688,0.542611,-0.00629,0.615033,0.555719,0.003147,0.592432,0.507719,0.002447,0.580852,0.475396,0.000354,0.572703,0.44758,-0.003474,0.638439,0.544099,-0.001082,0.628148,0.48247,-0.002612,0.62631,0.446278,-0.00652,0.626551,0.421161,-0.009566,0.662747,0.548696,-0.007949,0.66622,0.485669,-0.020773,0.669393,0.446587,-0.032754,0.67415,0.414531,-0.040605,0.686667,0.566607,-0.015083,0.674313,0.533086,-0.031811,0.66545,0.558458,-0.034839,0.661703,0.587714,-0.036034
three,0.682898,0.680041,0.0,0.651677,0.659631,-0.016754,0.636057,0.601224,-0.01796,0.658693,0.554282,-0.017018,0.681961,0.530865,-0.016424,0.621062,0.54282,-0.004696,0.595609,0.487407,-0.009028,0.584076,0.451158,-0.013799,0.57579,0.420084,-0.018681,0.645952,0.527961,-0.006084,0.631898,0.460844,-0.007592,0.627442,0.418131,-0.013306,0.625391,0.386465,-0.018121,0.671214,0.530406,-0.010628,0.673067,0.465264,-0.022553,0.674294,0.424537,-0.037416,0.676765,0.390056,-0.048041,0.695983,0.547496,-0.016246,0.689574,0.52068,-0.034048,0.684686,0.549734,-0.039772,0.683695,0.579935,-0.042917
three,0.681783,0.688957,0.0,0.65174,0.669103,-0.0185,0.63835,0.617177,-0.022825,0.663391,0.572827,-0.024818,0.687298,0.545704,-0.02749,0.622762,0.551155,-0.0105,0.597245,0.494694,-0.016902,0.585221,0.457681,-0.022733,0.576167,0.42503,-0.02851,0.64871,0.535603,-0.012712,0.63507,0.46534,-0.016031,0.630473,0.420561,-0.023135,0.628187,0.385806,-0.029442,0.674209,0.540697,-0.017924,0.678187,0.474907,-0.031272,0.680423,0.432249,-0.047397,0.684263,0.39432,-0.059577,0.69886,0.56063,-0.024133,0.69217,0.538566,-0.0431,0.685551,0.567032,-0.049735,0.683,0.593897,-0.054094
three,0.683082,0.696938,0.0,0.65221,0.679995,-0.019145,0.637572,0.635295,-0.025294,0.662712,0.593706,-0.028998,0.686955,0.565075,-0.03323,0.622789,0.557449,-0.013034,0.597797,0.500834,-0.02076,0.585395,0.4637,-0.027341,0.575676,0.43001,-0.033801,0.649906,0.540661,-0.01596,0.636601,0.469095,-0.021282,0.632274,0.422988,-0.029298,0.629846,0.38586,-0.036219,0.675833,0.547154,-0.021835,0.681452,0.481325,-0.036959,0.684292,0.437115,-0.053377,0.687654,0.396735,-0.065583,0.700926,0.569548,-0.028635,0.694956,0.546714,-0.04819,0.687644,0.574431,-0.054444,0.683169,0.601283,-0.058615
three,0.682698,0.694525,0.0,0.6503,0.676677,-0.013443,0.632537,0.630136,-0.017246,0.650587,0.588047,-0.019876,0.670496,0.560893,-0.023332,0.619452,0.555764,-0.007911,0.59177,0.502353,-0.014096,0.577768,0.466453,-0.019557,0.56784,0.433676,-0.025457,0.645276,0.539218,-0.012984,0.629986,0.46903,-0.017812,0.6244,0.423233,-0.025491,0.622627,0.387312,-0.032141,0.671416,0.544245,-0.020511,0.673645,0.477769,-0.035603,0.673564,0.434604,-0.051859,0.675892,0.397232,-0.063871,0.6969,0.564706,-0.028397,0.683873,0.541693,-0.048295,0.671046,0.567649,-0.055386,0.663357,0.593692,-0.06009
three,0.704774,0.714673,0.0,0.659147,0.678193,0.021639,0.638443,0.635725,0.024424,0.620254,0.622724,0.021962,0.605557,0.614421,0.017303,0.663737,0.572712,0.006299,0.631866,0.524888,0.002561,0.614428,0.491429,0.000814,0.600882,0.462388,-0.001743,0.667944,0.576024,-0.012354,0.641039,0.51074,-0.025394,0.626941,0.467519,-0.033754,0.618627,0.430324,-0.038508,0.66311,0.593269,-0.028279,0.621846,0.536865,-0.041671,0.600667,0.503518,-0.04823,0.590602,0.465519,-0.051736,0.648566,0.621347,-0.041283,0.604389,0.609674,-0.048779,0.602082,0.625843,-0.046178,0.611966,0.636706,-0.044062
three,0.696379,0.738869,0.0,0.707125,0.67328,0.02131,0.689895,0.622819,0.027988,0.659883,0.602003,0.03225,0.632399,0.60033,0.034455,0.694773,0.593008,0.004483,0.690095,0.521537,0.002439,0.689154,0.482481,0.00462,0.689043,0.450419,0.007845,0.669424,0.594156,-0.006528,0.655117,0.515296,-0.01554,0.64525,0.4692,-0.015025,0.637935,0.431738,-0.010193,0.64453,0.607715,-0.014454,0.617626,0.54356,-0.024648,0.602188,0.501836,-0.028729,0.589871,0.464405,-0.027618,0.625767,0.634691,-0.018685,0.614298,0.602629,-0.01744,0.621529,0.6232,-0.007498,0.631243,0.644096,0.001281
three,0.680668,0.735317,0.0,0.697086,0.673176,0.00937,0.680199,0.620851,0.012136,0.648393,0.606064,0.014214,0.620119,0.606209,0.014039,0.683909,0.58936,-0.003106,0.683635,0.517087,-0.005231,0.683514,0.477806,-0.004733,0.682481,0.445229,-0.003351,0.653971,0.590796,-0.009149,0.642812,0.514867,-0.012791,0.633468,0.469312,-0.013341,0.624851,0.432914,-0.011287,0.627163,0.60505,-0.013323,0.604748,0.544921,-0.01815,0.591549,0.502551,-0.026634,0.579662,0.468716,-0.031403,0.608455,0.629988,-0.015411,0.609437,0.606919,-0.015898,0.6193,0.624186,-0.012774,0.629567,0.64387,-0.009537
three,0.683419,0.736722,0.0,0.693365,0.668485,0.011255,0.670991,0.616954,0.01413,0.638599,0.606113,0.016385,0.609766,0.611547,0.01638,0.670404,0.587442,-0.006882,0.660139,0.51596,-0.008626,0.655644,0.47762,-0.007195,0.651144,0.4458,-0.005208,0.641603,0.596402,-0.013708,0.621123,0.521604,-0.019022,0.60808,0.478702,-0.019916,0.596835,0.445752,-0.017987,0.616517,0.61577,-0.017803,0.584578,0.558491,-0.024218,0.567199,0.518075,-0.031524,0.552143,0.487768,-0.034898,0.599437,0.644356,-0.019316,0.594208,0.612825,-0.018533,0.607358,0.622935,-0.01301,0.621214,0.639704,-0.008283
three,0.703176,0.702997,0.0,0.691022,0.633007,0.018452,0.658049,0.600753,0.023721,0.629611,0.60471,0.026395,0.607761,0.624406,0.026555,0.647576,0.5727,0.000961,0.616895,0.514265,-0.002009,0.600579,0.481303,-0.001481,0.587617,0.453339,-0.000303,0.62589,0.59313,-0.010613,0.584226,0.535044,-0.01842,0.558765,0.501387,-0.02036,0.53812,0.474538,-0.018968,0.610269,0.624833,-0.019283,0.561001,0.588663,-0.027688,0.532616,0.56609,-0.033287,0.508919,0.5478,-0.034879,0.605682,0.66257,-0.024865,0.583314,0.638141,-0.025186,0.594834,0.644308,-0.017978,0.608094,0.653125,-0.01164
three,0.713039,0.694401,0.0,0.698384,0.624766,0.021373,0.664204,0.595045,0.028618,0.633782,0.602603,0.033215,0.611777,0.623494,0.035519,0.652962,0.565487,0.003823,0.620442,0.508651,0.000884,0.603103,0.47545,0.001537,0.59009,0.447042,0.002972,0.63197,0.587231,-0.008222,0.588555,0.530856,-0.017716,0.561826,0.498393,-0.020499,0.540683,0.472601,-0.019009,0.61796,0.619397,-0.01696,0.567822,0.584941,-0.027001,0.538036,0.563624,-0.032915,0.512909,0.545872,-0.033807,0.615591,0.657227,-0.022129,0.593057,0.632766,-0.022334,0.605535,0.639749,-0.014539,0.619388,0.648693,-0.007436
three,0.706165,0.709564,0.0,0.703915,0.644243,0.013549,0.677837,0.598688,0.016495,0.642728,0.594992,0.017602,0.616055,0.60395,0.016404,0.678159,0.563507,-0.000984,0.659701,0.500631,-0.005499,0.650183,0.463622,-0.006277,0.643175,0.432229,-0.006137,0.657043,0.573381,-0.011264,0.62894,0.504034,-0.019165,0.612674,0.465046,-0.020204,0.600054,0.431332,-0.018259,0.638387,0.59477,-0.019536,0.598654,0.542195,-0.029326,0.575831,0.508452,-0.035133,0.558388,0.474216,-0.037179,0.625313,0.627418,-0.025208,0.600069,0.609364,-0.02899,0.607644,0.623996,-0.023937,0.620389,0.63504,-0.01921
three,0.698621,0.721907,0.0,0.708448,0.662088,0.01701,0.694424,0.606803,0.022423,0.666886,0.579612,0.025785,0.641532,0.570417,0.027001,0.700128,0.581122,0.003198,0.698772,0.518255,0.000144,0.70028,0.48239,0.000488,0.702208,0.452541,0.001825,0.676666,0.581558,-0.007505,0.664478,0.505896,-0.014609,0.657982,0.462843,-0.014478,0.652444,0.427297,-0.011173,0.652829,0.593709,-0.016031,0.627884,0.529926,-0.026186,0.614486,0.489324,-0.031432,0.603524,0.453392,-0.032283,0.633242,0.618964,-0.02148,0.621236,0.586537,-0.024269,0.626901,0.604635,-0.017755,0.634056,0.624077,-0.011648
three,0.685696,0.730595,0.0,0.703559,0.672923,0.012514,0.694057,0.619826,0.015834,0.668592,0.59708,0.017396,0.644018,0.589838,0.016806,0.702894,0.595888,-0.000737,0.713392,0.534059,-0.005509,0.720456,0.497938,-0.007433,0.727221,0.468177,-0.007744,0.677625,0.58972,-0.009291,0.677141,0.516399,-0.014675,0.676055,0.47132,-0.015941,0.675186,0.434591,-0.014963,0.651761,0.595912,-0.016063,0.636293,0.532121,-0.021882,0.629599,0.491412,-0.028382,0.624602,0.458238,-0.031864,0.630557,0.614683,-0.020736,0.626339,0.588987,-0.022563,0.632747,0.603586,-0.019524,0.640167,0.619671,-0.016386
three,0.686503,0.742495,0.0,0.703334,0.681193,0.012633,0.69074,0.623952,0.015677,0.662516,0.597815,0.017572,0.636573,0.588002,0.017611,0.699766,0.603298,-0.002362,0.708615,0.536209,-0.006886,0.715154,0.498173,-0.006992,0.721539,0.467294,-0.0057,0.674268,0.599672,-0.011204,0.671915,0.520521,-0.020203,0.669977,0.473891,-0.021185,0.669079,0.436927,-0.018424,0.648242,0.607382,-0.017996,0.629943,0.540193,-0.028161,0.619922,0.49563,-0.033991,0.612384,0.45774,-0.035338,0.626933,0.628885,-0.022198,0.622679,0.59522,-0.024855,0.629119,0.613903,-0.018874,0.637165,0.634089,-0.013047
three,0.697393,0.759177,0.0,0.716994,0.69176,0.017317,0.705857,0.633305,0.021464,0.676994,0.604125,0.024535,0.647131,0.59547,0.025412,0.715778,0.604404,-0.00429,0.724789,0.526878,-0.007679,0.73117,0.484912,-0.006616,0.737225,0.451103,-0.004094,0.686936,0.605068,-0.014077,0.682709,0.516706,-0.024894,0.679847,0.465342,-0.02645,0.677702,0.425905,-0.023116,0.65863,0.616458,-0.02042,0.638438,0.541892,-0.031303,0.626359,0.492375,-0.036499,0.616482,0.45114,-0.036508,0.636126,0.64076,-0.02322,0.632887,0.597498,-0.022164,0.639755,0.616772,-0.011765,0.64845,0.640468,-0.002756
three,0.697313,0.760427,0.0,0.715317,0.693044,0.018468,0.702881,0.633759,0.023325,0.670629,0.603682,0.026647,0.640064,0.593912,0.027766,0.712885,0.602244,-0.001395,0.721534,0.522424,-0.005137,0.727937,0.478591,-0.003883,0.733879,0.443233,-0.001192,0.684768,0.601127,-0.012254,0.679721,0.510328,-0.023368,0.67613,0.458302,-0.024127,0.673338,0.41756,-0.020062,0.656476,0.612523,-0.019959,0.635095,0.536859,-0.03195,0.622151,0.486778,-0.036622,0.611285,0.444274,-0.035944,0.633067,0.638448,-0.024076,0.627415,0.595143,-0.023762,0.63377,0.615622,-0.012883,0.641459,0.63949,-0.003414
three,0.660808,0.770432,0.0,0.62513,0.726197,-0.000209,0.615606,0.66896,-0.003782,0.617126,0.627238,-0.012381,0.63468,0.599682,-0.020033,0.650905,0.613274,0.007538,0.642118,0.557995,-0.001348,0.637011,0.527722,-0.006337,0.636917,0.501567,-0.008872,0.671952,0.611716,-0.004093,0.678607,0.536317,-0.018214,0.683182,0.488275,-0.027652,0.690735,0.449035,-0.031222,0.688757,0.623273,-0.017147,0.660678,0.578409,-0.038571,0.639968,0.608211,-0.042535,0.634098,0.635832,-0.03812,0.698539,0.639121,-0.030247,0.666188,0.599699,-0.043743,0.643083,0.609839,-0.041853,0.630973,0.624525,-0.036926
three,0.680541,0.765497,0.0,0.648243,0.73661,-0.015501,0.632909,0.67909,-0.020207,0.660211,0.634857,-0.023072,0.690755,0.611718,-0.026956,0.635767,0.599876,-0.00926,0.615096,0.53897,-0.015852,0.603758,0.498757,-0.022068,0.596077,0.462802,-0.028876,0.66559,0.589947,-0.014517,0.662274,0.511335,-0.020175,0.663969,0.464619,-0.027748,0.667713,0.428903,-0.033859,0.692179,0.602468,-0.022424,0.704046,0.529063,-0.040529,0.712136,0.484143,-0.057082,0.722647,0.445478,-0.068622,0.716723,0.631592,-0.030614,0.704601,0.600222,-0.054373,0.692933,0.630883,-0.060447,0.688283,0.662648,-0.06357
three,0.713713,0.742213,0.0,0.680121,0.715054,-0.023343,0.666386,0.655714,-0.030027,0.700875,0.608979,-0.034108,0.733294,0.581703,-0.038815,0.651587,0.570005,-0.012263,0.624019,0.503923,-0.021543,0.61168,0.460569,-0.030212,0.602421,0.422451,-0.037973,0.683456,0.554871,-0.01438,0.669797,0.473992,-0.019833,0.666167,0.424294,-0.028498,0.664325,0.385183,-0.035617,0.712956,0.563822,-0.020331,0.719795,0.490073,-0.035783,0.721867,0.444307,-0.052402,0.724411,0.401684,-0.064776,0.741146,0.590796,-0.027962,0.738459,0.559156,-0.048242,0.731609,0.589056,-0.05363,0.727372,0.617831,-0.056894
three,0.719387,0.747322,0.0,0.68573,0.719928,-0.023708,0.672571,0.658453,-0.030147,0.709182,0.612229,-0.03376,0.744071,0.587253,-0.038447,0.658385,0.572449,-0.014335,0.630552,0.504575,-0.02355,0.6188,0.459813,-0.032146,0.610019,0.420121,-0.040063,0.69191,0.558302,-0.0166,0.679909,0.475712,-0.021384,0.676691,0.423265,-0.030576,0.675238,0.381396,-0.038566,0.722592,0.568804,-0.022584,0.730757,0.495524,-0.038609,0.73257,0.447472,-0.057494,0.735471,0.403583,-0.071656,0.750821,0.596717,-0.030057,0.743498,0.56853,-0.052398,0.733402,0.599444,-0.059774,0.727432,0.629422,-0.06444
three,0.714415,0.751828,0.0,0.680261,0.725861,-0.023381,0.667091,0.666117,-0.029736,0.702585,0.621271,-0.033308,0.735916,0.59661,-0.037974,0.655617,0.581132,-0.014067,0.62803,0.514104,-0.023425,0.61602,0.470145,-0.032161,0.607236,0.430454,-0.040234,0.688139,0.566537,-0.016652,0.676241,0.483598,-0.021805,0.672446,0.431335,-0.0314,0.670728,0.389041,-0.039697,0.71731,0.577082,-0.022902,0.726647,0.502611,-0.039398,0.729634,0.455529,-0.05842,0.733482,0.41177,-0.072724,0.744487,0.60553,-0.030581,0.739505,0.577858,-0.05332,0.73069,0.609658,-0.06072,0.725186,0.639832,-0.065444
three,0.714132,0.740503,0.0,0.675018,0.713647,-0.012777,0.652202,0.66289,-0.018529,0.673749,0.619068,-0.024004,0.701358,0.592912,-0.030891,0.653478,0.575145,-0.009343,0.627859,0.512023,-0.017352,0.616675,0.471441,-0.024623,0.609446,0.434338,-0.032621,0.682629,0.562886,-0.017568,0.668121,0.485139,-0.023889,0.662318,0.4346,-0.033996,0.660266,0.393482,-0.043409,0.710665,0.575032,-0.028352,0.712628,0.500422,-0.046332,0.711397,0.451555,-0.066309,0.713529,0.408901,-0.081875,0.738136,0.603966,-0.039249,0.719107,0.576334,-0.063621,0.698669,0.600243,-0.073892,0.684332,0.626512,-0.0814
three,0.762803,0.728013,0.0,0.754718,0.656289,0.036249,0.736969,0.606847,0.04707,0.715354,0.58176,0.049697,0.697502,0.567708,0.04912,0.731292,0.57276,0.020776,0.709113,0.517338,0.019372,0.702181,0.483027,0.019523,0.697642,0.451527,0.019303,0.721223,0.578182,-0.003348,0.688585,0.508253,-0.012829,0.674816,0.462395,-0.016055,0.668758,0.425251,-0.016213,0.707914,0.598939,-0.024081,0.664143,0.533881,-0.033479,0.645784,0.493872,-0.036666,0.637396,0.450691,-0.037851,0.69498,0.631611,-0.040579,0.651899,0.612729,-0.043501,0.655676,0.626457,-0.036295,0.670147,0.637174,-0.030797
three,0.745297,0.74697,0.0,0.756593,0.681437,0.024371,0.740322,0.633972,0.033501,0.710067,0.614782,0.040175,0.681747,0.615855,0.044007,0.743068,0.6,0.004508,0.74079,0.523268,0.00337,0.738192,0.478817,0.005667,0.736098,0.442231,0.008881,0.712657,0.601401,-0.006569,0.695372,0.520036,-0.014603,0.68293,0.472811,-0.013463,0.673957,0.435054,-0.008201,0.685476,0.616077,-0.013855,0.657044,0.546473,-0.023759,0.640375,0.503039,-0.027249,0.628515,0.464177,-0.025351,0.665816,0.645704,-0.016862,0.649112,0.606469,-0.014339,0.657499,0.625638,-0.002164,0.670983,0.647653,0.008511
three,0.723224,0.757336,1e-06,0.742571,0.690671,0.008333,0.726768,0.636453,0.009308,0.691266,0.622601,0.010121,0.659106,0.625016,0.008385,0.727069,0.60262,-0.009503,0.728173,0.522756,-0.01238,0.727054,0.478818,-0.011802,0.724332,0.442817,-0.010524,0.693173,0.604886,-0.015477,0.679186,0.522437,-0.021231,0.667706,0.474376,-0.022104,0.657215,0.435788,-0.020011,0.663435,0.619539,-0.019012,0.639282,0.552523,-0.026072,0.624048,0.505397,-0.034285,0.610761,0.468017,-0.038638,0.642528,0.646091,-0.020215,0.642576,0.617079,-0.021317,0.654363,0.635475,-0.016447,0.666751,0.657768,-0.011889
three,0.734795,0.740943,1e-06,0.739905,0.671709,0.010407,0.714903,0.619324,0.012032,0.678409,0.606816,0.013062,0.647494,0.611039,0.01187,0.714865,0.58843,-0.006354,0.704442,0.513052,-0.010095,0.702181,0.47157,-0.00985,0.700759,0.437576,-0.008297,0.687432,0.597166,-0.013744,0.662735,0.514587,-0.021954,0.648061,0.467293,-0.023542,0.636442,0.429536,-0.021276,0.662681,0.615383,-0.018726,0.629896,0.552869,-0.02728,0.609209,0.507731,-0.034114,0.593316,0.46877,-0.036774,0.6441,0.645669,-0.021293,0.631644,0.616821,-0.022292,0.642364,0.634471,-0.01575,0.656723,0.653794,-0.009925
three,0.778645,0.668697,0.0,0.748378,0.607791,0.043957,0.712103,0.581148,0.058528,0.679675,0.5771,0.065998,0.656937,0.588633,0.070909,0.688926,0.555316,0.017887,0.64673,0.50613,0.015928,0.625391,0.473936,0.017123,0.608439,0.445582,0.019632,0.678669,0.574327,-0.003532,0.622841,0.532827,-0.011248,0.589505,0.50407,-0.011016,0.566395,0.482202,-0.007893,0.674084,0.607333,-0.019814,0.609455,0.595685,-0.029521,0.57185,0.585339,-0.032544,0.542995,0.570485,-0.031563,0.678374,0.644132,-0.030075,0.641902,0.648599,-0.025904,0.655101,0.663417,-0.013314,0.673347,0.672529,-0.003697
three,0.764259,0.689853,0.0,0.738758,0.626506,0.02495,0.703479,0.589178,0.03181,0.675602,0.583593,0.034855,0.653934,0.592435,0.035339,0.690371,0.561295,0.003668,0.657489,0.506634,-0.003675,0.640699,0.469448,-0.006924,0.62803,0.436055,-0.00728,0.679479,0.57618,-0.011409,0.631966,0.527874,-0.021582,0.604367,0.496837,-0.022523,0.583616,0.470819,-0.020055,0.671379,0.603101,-0.023583,0.612846,0.574896,-0.038827,0.57845,0.557348,-0.044699,0.550036,0.533932,-0.045004,0.669721,0.638843,-0.03142,0.629179,0.63953,-0.036533,0.640696,0.656697,-0.027998,0.659201,0.665308,-0.020164
three,0.695497,0.76228,0.0,0.651503,0.731074,-0.00287,0.629304,0.680508,-0.007768,0.621863,0.636678,-0.017424,0.63558,0.596891,-0.025456,0.659173,0.621442,0.011397,0.648505,0.567709,0.003791,0.6454,0.543959,-0.000668,0.64505,0.52058,-0.002708,0.677824,0.612696,0.000712,0.674268,0.534551,-0.011987,0.67221,0.487896,-0.020434,0.671748,0.44726,-0.023091,0.69356,0.616795,-0.012268,0.657321,0.576279,-0.03375,0.644097,0.613522,-0.036528,0.643825,0.642471,-0.030577,0.703041,0.62647,-0.025568,0.666285,0.588328,-0.039506,0.650258,0.607909,-0.036752,0.64619,0.628989,-0.030607
three,0.702311,0.7628,0.0,0.667334,0.735719,-0.016792,0.652782,0.670321,-0.018844,0.684208,0.621985,-0.018632,0.715919,0.599753,-0.019306,0.654154,0.589428,-0.004993,0.632145,0.527327,-0.009176,0.622786,0.486476,-0.014626,0.616321,0.45073,-0.020989,0.685533,0.579573,-0.008641,0.680456,0.503363,-0.011285,0.681669,0.457353,-0.017995,0.684264,0.422651,-0.023772,0.713519,0.591039,-0.015527,0.723369,0.518296,-0.031583,0.729002,0.472695,-0.048255,0.736133,0.432976,-0.06006,0.739249,0.619536,-0.023046,0.727429,0.584734,-0.046164,0.714789,0.617367,-0.052561,0.707441,0.650269,-0.05589
